data,value
2017-01-02,0.010333333333333083
2017-01-03,-0.02049999999999974
2017-01-04,-0.048900000000000166
2017-01-05,-0.017199999999999882
2017-01-06,0.02499999999999991
2017-01-07,-0.009066666666666556
2017-01-08,-0.009066666666667
2017-01-09,-0.009066666666666556
2017-01-10,-0.0007999999999999119
2017-01-11,0.0013999999999998458
2017-01-12,-0.009399999999999853
2017-01-13,0.033199999999999896
2017-01-14,0.006833333333333247
2017-01-15,0.006833333333333691
2017-01-16,0.006833333333333247
2017-01-17,-0.030299999999999994
2017-01-18,0.019400000000000084
2017-01-19,-0.03440000000000021
2017-01-20,-0.027499999999999858
2017-01-21,-0.0019000000000000128
2017-01-22,-0.0019000000000000128
2017-01-23,-0.0019000000000000128
2017-01-24,0.006899999999999906
2017-01-25,0.0
2017-01-26,0.007800000000000029
2017-01-27,-0.03699999999999992
2017-01-28,-0.004666666666666597
2017-01-29,-0.004666666666667041
2017-01-30,-0.004666666666666597
2017-01-31,0.023900000000000254
2017-02-01,-0.021399999999999864
2017-02-02,-0.00550000000000006
2017-02-03,-0.006400000000000183
2017-02-04,-0.0005333333333332746
2017-02-05,-0.0005333333333332746
2017-02-06,-0.0005333333333332746
2017-02-07,0.0044999999999997264
2017-02-08,-0.0029999999999996696
2017-02-09,0.012599999999999945
2017-02-10,-0.01440000000000019
2017-02-11,-0.0013999999999998458
2017-02-12,-0.00140000000000029
2017-02-13,-0.0013999999999998458
2017-02-14,-0.026499999999999968
2017-02-15,-0.027499999999999858
2017-02-16,0.03169999999999984
2017-02-17,0.015600000000000058
2017-02-18,-0.005933333333333124
2017-02-19,-0.005933333333333568
2017-02-20,-0.005933333333333124
2017-02-21,0.008099999999999774
2017-02-22,-0.031099999999999905
2017-02-23,-0.0045000000000001705
2017-02-24,0.05150000000000032
2017-02-25,-0.0006666666666665932
2017-02-26,-0.0006666666666670373
2017-02-27,-0.0006666666666665932
2017-02-28,0.00010000000000021103
2017-03-01,-0.01910000000000034
2017-03-02,0.0665
2017-03-03,-0.040699999999999736
2017-03-04,0.007600000000000051
2017-03-05,0.007599999999999607
2017-03-06,0.007600000000000051
2017-03-07,-0.019099999999999895
2017-03-08,0.04360000000000008
2017-03-09,0.030100000000000016
2017-03-10,-0.05370000000000008
2017-03-11,0.0045000000000001705
2017-03-12,0.0044999999999997264
2017-03-13,0.0045000000000001705
2017-03-14,0.015499999999999847
2017-03-15,-0.06479999999999997
2017-03-16,0.014800000000000146
2017-03-17,-0.026699999999999946
2017-03-18,-0.006400000000000183
2017-03-19,-0.006399999999999739
2017-03-20,-0.006400000000000183
2017-03-21,0.015800000000000036
2017-03-22,-0.00039999999999995595
2017-03-23,0.05149999999999988
2017-03-24,-0.030899999999999928
2017-03-25,0.005966666666666676
2017-03-26,0.005966666666666676
2017-03-27,0.005966666666666676
2017-03-28,0.014699999999999935
2017-03-29,-0.021300000000000097
2017-03-30,0.02970000000000006
2017-03-31,-0.02629999999999999
2017-04-01,-0.002866666666666795
2017-04-02,-0.002866666666666351
2017-04-03,-0.002866666666666795
2017-04-04,-0.02079999999999993
2017-04-05,0.026399999999999757
2017-04-06,0.022400000000000198
2017-04-07,0.0034999999999998366
2017-04-08,-0.0047333333333337
2017-04-09,-0.004733333333332812
2017-04-10,-0.004733333333333256
2017-04-11,0.005199999999999871
2017-04-12,-0.011400000000000077
2017-04-13,0.018600000000000172
2017-04-14,0.00039999999999995595
2017-04-15,-0.015433333333333188
2017-04-16,-0.015433333333333632
2017-04-17,-0.015433333333333188
2017-04-18,0.009500000000000064
2017-04-19,0.04420000000000002
2017-04-20,-0.0036000000000000476
2017-04-21,-0.00039999999999995595
2017-04-22,-0.006733333333333924
2017-04-23,-0.006733333333332592
2017-04-24,-0.00673333333333348
2017-04-25,0.019099999999999895
2017-04-26,0.02519999999999989
2017-04-27,0.011200000000000099
2017-04-28,-0.006899999999999906
2017-04-29,-3.333333333355171e-05
2017-04-30,-3.333333333355171e-05
2017-05-01,-3.333333333310762e-05
2017-05-02,-0.024799999999999933
2017-05-03,0.013500000000000068
2017-05-04,0.023299999999999876
2017-05-05,-0.011099999999999888
2017-05-06,0.006866666666666799
2017-05-07,0.0068666666666663545
2017-05-08,0.006866666666666799
2017-05-09,-0.007800000000000029
2017-05-10,-0.022399999999999753
2017-05-11,-0.027500000000000302
2017-05-12,-0.01849999999999996
2017-05-13,-0.0034999999999998366
2017-05-14,-0.0035000000000002807
2017-05-15,-0.0034999999999998366
2017-05-16,-0.014899999999999913
2017-05-17,0.04159999999999986
2017-05-18,0.2330000000000001
2017-05-19,-0.1181000000000001
2017-05-20,0.004233333333333089
2017-05-21,0.004233333333333533
2017-05-22,0.004233333333333533
2017-05-23,0.0049000000000001265
2017-05-24,0.007899999999999796
2017-05-25,-0.0047999999999999154
2017-05-26,-0.013500000000000068
2017-05-27,-0.0011333333333332085
2017-05-28,-0.0011333333333336526
2017-05-29,-0.0011333333333332085
2017-05-30,0.0009999999999998899
2017-05-31,-0.031099999999999905
2017-06-01,0.02400000000000002
2017-06-02,-0.0022999999999999687
2017-06-03,0.016199999999999992
2017-06-04,0.016199999999999992
2017-06-05,0.016199999999999992
2017-06-06,-0.019099999999999895
2017-06-07,-0.008300000000000196
2017-06-08,-0.007800000000000029
2017-06-09,0.0354000000000001
2017-06-10,0.007000000000000117
2017-06-11,0.007000000000000117
2017-06-12,0.006999999999999673
2017-06-13,-0.0026999999999999247
2017-06-14,-0.0411999999999999
2017-06-15,0.0007999999999999119
2017-06-16,0.018299999999999983
2017-06-17,-0.0034999999999998366
2017-06-18,-0.0034999999999998366
2017-06-19,-0.0035000000000002807
2017-06-20,0.04420000000000002
2017-06-21,0.009300000000000086
2017-06-22,0.006199999999999761
2017-06-23,0.000500000000000167
2017-06-24,-0.01556666666666695
2017-06-25,-0.015566666666666507
2017-06-26,-0.015566666666666507
2017-06-27,0.017199999999999882
2017-06-28,-0.03299999999999992
2017-06-29,0.023800000000000043
2017-06-30,0.0028999999999999027
2017-07-01,-0.0019000000000000128
2017-07-02,-0.0019000000000000128
2017-07-03,-0.0019000000000000128
2017-07-04,0.007800000000000029
2017-07-05,-0.020399999999999974
2017-07-06,0.007299999999999862
2017-07-07,-0.014899999999999913
2017-07-08,-0.008533333333333282
2017-07-09,-0.008533333333333282
2017-07-10,-0.008533333333333282
2017-07-11,-0.0009000000000001229
2017-07-12,-0.04689999999999994
2017-07-13,0.005900000000000016
2017-07-14,-0.03390000000000004
2017-07-15,0.0011333333333332085
2017-07-16,0.0011333333333336526
2017-07-17,0.0011333333333332085
2017-07-18,-0.028799999999999937
2017-07-19,-0.00550000000000006
2017-07-20,-0.028200000000000003
2017-07-21,0.020999999999999908
2017-07-22,0.0017333333333331424
2017-07-23,0.0017333333333335865
2017-07-24,0.0017333333333331424
2017-07-25,0.02560000000000029
2017-07-26,-0.03390000000000004
2017-07-27,0.01429999999999998
2017-07-28,-0.02110000000000012
2017-07-29,-0.0018333333333333535
2017-07-30,-0.0018333333333333535
2017-07-31,-0.0018333333333333535
2017-08-01,0.00010000000000021103
2017-08-02,-0.012799999999999923
2017-08-03,-0.001100000000000101
2017-08-04,0.01869999999999994
2017-08-05,-0.0015999999999998238
2017-08-06,-0.0016000000000002679
2017-08-07,-0.0015999999999998238
2017-08-08,0.00039999999999995595
2017-08-09,0.028999999999999915
2017-08-10,0.01980000000000004
2017-08-11,0.018100000000000005
2017-08-12,-0.0015999999999998238
2017-08-13,-0.0016000000000002679
2017-08-14,-0.0015999999999998238
2017-08-15,-0.01949999999999985
2017-08-16,-0.017100000000000115
2017-08-17,0.022699999999999942
2017-08-18,-0.02859999999999996
2017-08-19,0.005999999999999783
2017-08-20,0.006000000000000227
2017-08-21,0.005999999999999783
2017-08-22,-0.0034000000000000696
2017-08-23,-0.01969999999999983
2017-08-24,0.006699999999999928
2017-08-25,0.012199999999999989
2017-08-26,0.0022333333333333094
2017-08-27,0.0022333333333333094
2017-08-28,0.0022333333333333094
2017-08-29,-0.0017999999999998018
2017-08-30,-0.0049000000000001265
2017-08-31,-0.012399999999999967
2017-09-01,-0.006299999999999972
2017-09-02,3.333333333310762e-05
2017-09-03,3.333333333355171e-05
2017-09-04,3.333333333355171e-05
2017-09-05,-0.02430000000000021
2017-09-06,-0.016999999999999904
2017-09-07,-0.001100000000000101
2017-09-08,-0.012599999999999945
2017-09-09,0.005399999999999849
2017-09-10,0.0054000000000002935
2017-09-11,0.005399999999999849
2017-09-12,0.022299999999999986
2017-09-13,0.010099999999999998
2017-09-14,-0.01629999999999976
2017-09-15,-0.010500000000000398
2017-09-16,0.00943333333333296
2017-09-17,0.009433333333333405
2017-09-18,0.009433333333333849
2017-09-19,-0.0017000000000000348
2017-09-20,-0.0026000000000001577
2017-09-21,0.0052000000000003155
2017-09-22,-0.012700000000000156
2017-09-23,0.011633333333333162
2017-09-24,0.011633333333333606
2017-09-25,0.011633333333333162
2017-09-26,0.006699999999999928
2017-09-27,0.02660000000000018
2017-09-28,-0.010699999999999932
2017-09-29,-0.02059999999999995
2017-09-30,-0.002466666666666839
2017-10-01,-0.002466666666666395
2017-10-02,-0.002466666666666839
2017-10-03,-0.011800000000000033
2017-10-04,-0.007600000000000051
2017-10-05,0.019400000000000084
2017-10-06,0.0015999999999998238
2017-10-07,0.01089999999999991
2017-10-08,0.010900000000000354
2017-10-09,0.01089999999999991
2017-10-10,-0.009300000000000086
2017-10-11,-0.007099999999999884
2017-10-12,-0.0019000000000000128
2017-10-13,-0.0253000000000001
2017-10-14,0.0086666666666666
2017-10-15,0.0086666666666666
2017-10-16,0.0086666666666666
2017-10-17,-0.013199999999999878
2017-10-18,0.013100000000000112
2017-10-19,-0.0040000000000000036
2017-10-20,0.025500000000000078
2017-10-21,0.015066666666666784
2017-10-22,0.015066666666665895
2017-10-23,0.015066666666667228
2017-10-24,0.005700000000000038
2017-10-25,-0.010299999999999976
2017-10-26,0.057399999999999896
2017-10-27,-0.054300000000000015
2017-10-28,0.017599999999999838
2017-10-29,0.017600000000000282
2017-10-30,0.017599999999999838
2017-10-31,-0.01639999999999997
2017-11-01,-0.004999999999999893
2017-11-02,0.0002999999999997449
2017-11-03,0.04640000000000022
2017-11-04,-0.021633333333333393
2017-11-05,-0.021633333333333837
2017-11-06,-0.02163333333333295
2017-11-07,0.02190000000000003
2017-11-08,-0.016599999999999948
2017-11-09,-0.0026999999999999247
2017-11-10,0.025799999999999823
2017-11-11,0.000500000000000167
2017-11-12,0.000500000000000167
2017-11-13,0.0004999999999997229
2017-11-14,0.03370000000000006
2017-11-15,0.00019999999999997797
2017-11-16,-0.03929999999999989
2017-11-17,-0.016599999999999948
2017-11-18,0.0
2017-11-19,0.0
2017-11-20,0.0
2017-11-21,0.0013999999999998458
2017-11-22,-0.034499999999999975
2017-11-23,-0.0023999999999997357
2017-11-24,0.011099999999999888
2017-11-25,-0.0017333333333335865
2017-11-26,-0.0017333333333331424
2017-11-27,-0.0017333333333335865
2017-11-28,-0.014699999999999935
2017-11-29,0.03300000000000036
2017-11-30,0.026599999999999735
2017-12-01,-0.014599999999999724
2017-12-02,-0.004633333333333489
2017-12-03,-0.004633333333333045
2017-12-04,-0.004633333333333489
2017-12-05,-0.0024000000000001798
2017-12-06,-0.006099999999999994
2017-12-07,0.05500000000000016
2017-12-08,0.0011999999999998678
2017-12-09,0.0042999999999997485
2017-12-10,0.0043000000000001926
2017-12-11,0.0043000000000001926
2017-12-12,0.0017000000000000348
2017-12-13,0.0034999999999998366
2017-12-14,0.03189999999999982
2017-12-15,-0.04719999999999969
2017-12-16,-0.0007999999999999119
2017-12-17,-0.000800000000000356
2017-12-18,-0.0007999999999999119
2017-12-19,-0.0022999999999999687
2017-12-20,0.007899999999999796
2017-12-21,0.010499999999999954
2017-12-22,0.028600000000000403
2017-12-23,0.0
2017-12-24,0.0
2017-12-25,0.0
2017-12-26,-0.025900000000000034
2017-12-27,0.0038999999999997925
2017-12-28,-0.0024999999999999467
2017-12-29,0.0
2017-12-30,0.0
2017-12-31,0.0
2018-01-01,0.0
2018-01-02,-0.05339999999999989
2018-01-03,-0.02210000000000001
2018-01-04,-0.0024000000000001798
2018-01-05,-0.005399999999999849
2018-01-06,0.003833333333333133
2018-01-07,0.0038333333333335773
2018-01-08,0.003833333333333133
2018-01-09,0.007600000000000051
2018-01-10,-0.020000000000000018
2018-01-11,-0.012799999999999923
2018-01-12,-0.009100000000000108
2018-01-13,0.0033000000000003027
2018-01-14,0.0032999999999998586
2018-01-15,0.0032999999999998586
2018-01-16,0.008000000000000007
2018-01-17,-0.0004999999999997229
2018-01-18,-0.017300000000000093
2018-01-19,-0.010299999999999976
2018-01-20,0.001966666666666672
2018-01-21,0.001966666666666228
2018-01-22,0.001966666666667116
2018-01-23,0.03489999999999993
2018-01-24,-0.09050000000000002
2018-01-25,0.0019999999999997797
2018-01-26,0.0024999999999999467
2018-01-27,0.0013333333333331865
2018-01-28,0.0013333333333336306
2018-01-29,0.0013333333333331865
2018-01-30,0.026200000000000223
2018-01-31,0.0047000000000001485
2018-02-01,-0.019000000000000128
2018-02-02,0.051200000000000134
2018-02-03,0.014800000000000146
2018-02-04,0.014799999999999702
2018-02-05,0.014800000000000146
2018-02-06,-0.02770000000000028
2018-02-07,0.036599999999999966
2018-02-08,0.01440000000000019
2018-02-09,0.008399999999999963
2018-02-10,0.00039999999999995595
2018-02-11,0.00039999999999995595
2018-02-12,0.00039999999999995595
2018-02-13,0.000300000000000189
2018-02-14,-0.07830000000000004
2018-02-15,0.010499999999999954
2018-02-16,0.0032999999999998586
2018-02-17,0.0011333333333332085
2018-02-18,0.0011333333333336526
2018-02-19,0.0011333333333332085
2018-02-20,0.02110000000000012
2018-02-21,0.013500000000000068
2018-02-22,-0.019000000000000128
2018-02-23,-0.0123000000000002
2018-02-24,-0.004033333333333111
2018-02-25,-0.004033333333333555
2018-02-26,-0.004033333333333111
2018-02-27,0.025799999999999823
2018-02-28,-0.005399999999999849
2018-03-01,0.005300000000000082
2018-03-02,0.0013000000000000789
2018-03-03,-0.003266666666666751
2018-03-04,-0.003266666666667195
2018-03-05,-0.003266666666666307
2018-03-06,-0.031299999999999883
2018-03-07,0.03370000000000006
2018-03-08,0.021500000000000075
2018-03-09,-0.011600000000000055
2018-03-10,0.0022999999999999687
2018-03-11,0.0022999999999999687
2018-03-12,0.0022999999999999687
2018-03-13,-0.0015000000000000568
2018-03-14,0.0
2018-03-15,0.025500000000000078
2018-03-16,-0.0051000000000001044
2018-03-17,0.0017000000000000348
2018-03-18,0.0017000000000000348
2018-03-19,0.0017000000000000348
2018-03-20,0.025500000000000078
2018-03-21,-0.039200000000000124
2018-03-22,0.043400000000000105
2018-03-23,-0.0036000000000000476
2018-03-24,-0.00013333333333331865
2018-03-25,-0.00013333333333331865
2018-03-26,-0.00013333333333331865
2018-03-27,0.016900000000000137
2018-03-28,-0.008300000000000196
2018-03-29,-0.014499999999999957
2018-03-30,-0.0009000000000001229
2018-03-31,0.0020333333333333314
2018-04-01,0.0020333333333333314
2018-04-02,0.0020333333333333314
2018-04-03,0.030100000000000016
2018-04-04,-0.011600000000000055
2018-04-05,0.015200000000000102
2018-04-06,0.024799999999999933
2018-04-07,0.01676666666666682
2018-04-08,0.016766666666666374
2018-04-09,0.01676666666666682
2018-04-10,-0.011200000000000099
2018-04-11,-0.034199999999999786
2018-04-12,0.03869999999999996
2018-04-13,0.008999999999999897
2018-04-14,-0.0009666666666667822
2018-04-15,-0.0009666666666663382
2018-04-16,-0.0009666666666667822
2018-04-17,-0.011400000000000077
2018-04-18,-0.027499999999999858
2018-04-19,0.008000000000000007
2018-04-20,0.024499999999999744
2018-04-21,0.013233333333332986
2018-04-22,0.013233333333333874
2018-04-23,0.01323333333333343
2018-04-24,0.01869999999999994
2018-04-25,0.013599999999999834
2018-04-26,-0.009500000000000064
2018-04-27,-0.01869999999999994
2018-04-28,0.016799999999999926
2018-04-29,0.01680000000000037
2018-04-30,0.016799999999999926
2018-05-01,0.00039999999999995595
2018-05-02,0.04420000000000002
2018-05-03,-0.023600000000000065
2018-05-04,0.0020999999999999908
2018-05-05,0.007699999999999818
2018-05-06,0.007700000000000262
2018-05-07,0.007699999999999818
2018-05-08,0.010200000000000209
2018-05-09,0.028799999999999937
2018-05-10,-0.04220000000000024
2018-05-11,0.04970000000000008
2018-05-12,0.007733333333332926
2018-05-13,0.007733333333333814
2018-05-14,0.00773333333333337
2018-05-15,0.030899999999999928
2018-05-16,0.02210000000000001
2018-05-17,0.020500000000000185
2018-05-18,0.04039999999999999
2018-05-19,-0.019933333333333803
2018-05-20,-0.01993333333333336
2018-05-21,-0.019933333333332914
2018-05-22,-0.032399999999999984
2018-05-23,-0.016000000000000014
2018-05-24,0.02079999999999993
2018-05-25,0.0028000000000001357
2018-05-26,0.02760000000000007
2018-05-27,0.027599999999999625
2018-05-28,0.02760000000000007
2018-05-29,-0.009799999999999809
2018-05-30,-0.0013000000000000789
2018-05-31,-0.0005999999999999339
2018-06-01,0.03980000000000006
2018-06-02,-0.00550000000000006
2018-06-03,-0.00550000000000006
2018-06-04,-0.00550000000000006
2018-06-05,0.06000000000000005
2018-06-06,0.04200000000000026
2018-06-07,0.05899999999999972
2018-06-08,-0.1983999999999999
2018-06-09,9.999999999976694e-05
2018-06-10,0.00010000000000021103
2018-06-11,0.00010000000000021103
2018-06-12,0.008799999999999919
2018-06-13,0.0015999999999998238
2018-06-14,0.08590000000000009
2018-06-15,-0.07640000000000002
2018-06-16,0.005799999999999805
2018-06-17,0.005800000000000249
2018-06-18,0.005799999999999805
2018-06-19,0.00010000000000021103
2018-06-20,0.024399999999999977
2018-06-21,-0.0024000000000001798
2018-06-22,0.016900000000000137
2018-06-23,-0.0030999999999998806
2018-06-24,-0.0031000000000003247
2018-06-25,-0.0030999999999998806
2018-06-26,0.024900000000000144
2018-06-27,0.06119999999999992
2018-06-28,-0.00039999999999995595
2018-06-29,0.014699999999999935
2018-06-30,0.011933333333332907
2018-07-01,0.011933333333333351
2018-07-02,0.011933333333333795
2018-07-03,-0.01540000000000008
2018-07-04,0.016199999999999992
2018-07-05,0.019000000000000128
2018-07-06,-0.06990000000000007
2018-07-07,0.0032999999999998586
2018-07-08,0.0033000000000003027
2018-07-09,0.0032999999999998586
2018-07-10,-0.05750000000000011
2018-07-11,0.062100000000000044
2018-07-12,0.0049000000000001265
2018-07-13,-0.030400000000000205
2018-07-14,0.0028999999999999027
2018-07-15,0.0029000000000003467
2018-07-16,0.0028999999999999027
2018-07-17,-0.021700000000000053
2018-07-18,0.012399999999999967
2018-07-19,-0.021700000000000053
2018-07-20,-0.0613999999999999
2018-07-21,0.004833333333333467
2018-07-22,0.004833333333333023
2018-07-23,0.004833333333333467
2018-07-24,-0.034499999999999975
2018-07-25,-0.059499999999999886
2018-07-26,0.057599999999999874
2018-07-27,-0.034800000000000164
2018-07-28,0.006433333333333291
2018-07-29,0.006433333333333735
2018-07-30,0.006433333333333291
2018-07-31,0.025599999999999845
2018-08-01,-0.006400000000000183
2018-08-02,0.00040000000000040004
2018-08-03,-0.042300000000000004
2018-08-04,0.009433333333333405
2018-08-05,0.00943333333333296
2018-08-06,0.009433333333333405
2018-08-07,0.015200000000000102
2018-08-08,0.02059999999999995
2018-08-09,0.02939999999999987
2018-08-10,0.05810000000000004
2018-08-11,0.008133333333332882
2018-08-12,0.00813333333333377
2018-08-13,0.008133333333333326
2018-08-14,-0.016699999999999715
2018-08-15,0.03819999999999979
2018-08-16,0.0017000000000000348
2018-08-17,0.0043999999999999595
2018-08-18,0.0194666666666663
2018-08-19,0.019466666666667187
2018-08-20,0.019466666666666743
2018-08-21,0.07769999999999966
2018-08-22,-0.005199999999999427
2018-08-23,0.07299999999999951
2018-08-24,-0.013499999999999623
2018-08-25,-0.008166666666666877
2018-08-26,-0.008166666666666877
2018-08-27,-0.008166666666666877
2018-08-28,0.056700000000000195
2018-08-29,-0.026799999999999713
2018-08-30,0.04209999999999958
2018-08-31,-0.09389999999999965
2018-09-01,0.03446666666666687
2018-09-02,0.03446666666666598
2018-09-03,0.03446666666666687
2018-09-04,0.0011999999999998678
2018-09-05,-0.01359999999999939
2018-09-06,-0.08760000000000012
2018-09-07,0.000700000000000145
2018-09-08,0.009000000000000341
2018-09-09,0.008999999999999453
2018-09-10,0.009000000000000341
2018-09-11,0.06679999999999975
2018-09-12,0.004399999999999515
2018-09-13,0.04980000000000029
2018-09-14,-0.033500000000000085
2018-09-15,-0.013933333333333131
2018-09-16,-0.01393333333333402
2018-09-17,-0.013933333333333131
2018-09-18,0.02800000000000047
2018-09-19,-0.028900000000000148
2018-09-20,-0.054400000000000226
2018-09-21,-0.025500000000000078
2018-09-22,0.013733333333333597
2018-09-23,0.013733333333333597
2018-09-24,0.013733333333333597
2018-09-25,-0.017100000000000115
2018-09-26,-0.04350000000000076
2018-09-27,-0.019899999999999807
2018-09-28,0.03680000000000039
2018-09-29,-0.010333333333333528
2018-09-30,-0.010333333333333528
2018-10-01,-0.010333333333333528
2018-10-02,-0.07669999999999977
2018-10-03,-0.039899999999999824
2018-10-04,-0.027000000000000135
2018-10-05,-0.033199999999999896
2018-10-06,-0.020766666666666822
2018-10-07,-0.020766666666666822
2018-10-08,-0.020766666666666378
2018-10-09,-0.06349999999999989
2018-10-10,0.040000000000000036
2018-10-11,0.025700000000000056
2018-10-12,0.0017999999999998018
2018-10-13,-0.01576666666666693
2018-10-14,-0.015766666666666485
2018-10-15,-0.015766666666666485
2018-10-16,-0.010499999999999954
2018-10-17,-0.03770000000000007
2018-10-18,0.03410000000000002
2018-10-19,-0.006699999999999928
2018-10-20,-0.009633333333333827
2018-10-21,-0.009633333333333383
2018-10-22,-0.009633333333332939
2018-10-23,0.008199999999999985
2018-10-24,0.04079999999999995
2018-10-25,-0.029199999999999893
2018-10-26,-0.06289999999999996
2018-10-27,0.02526666666666655
2018-10-28,0.025266666666666993
2018-10-29,0.02526666666666655
2018-10-30,-0.021300000000000097
2018-10-31,0.024599999999999955
2018-11-01,-0.02079999999999993
2018-11-02,-0.0043999999999999595
2018-11-03,0.009799999999999809
2018-11-04,0.009800000000000253
2018-11-05,0.009799999999999809
2018-11-06,0.03529999999999989
2018-11-07,-0.02970000000000006
2018-11-08,0.02870000000000017
2018-11-09,-0.027000000000000135
2018-11-10,0.011333333333332973
2018-11-11,0.011333333333333417
2018-11-12,0.011333333333333862
2018-11-13,0.03569999999999984
2018-11-14,-0.019099999999999895
2018-11-15,0.00019999999999997797
2018-11-16,-0.04079999999999995
2018-11-17,0.0045000000000001705
2018-11-18,0.0044999999999997264
2018-11-19,0.0045000000000001705
2018-11-20,0.00019999999999997797
2018-11-21,0.04039999999999999
2018-11-22,0.006899999999999906
2018-11-23,0.023800000000000043
2018-11-24,0.03756666666666675
2018-11-25,0.037566666666666304
2018-11-26,0.03756666666666675
2018-11-27,-0.06579999999999986
2018-11-28,-0.0242
2018-11-29,0.0017000000000000348
2018-11-30,0.014199999999999768
2018-12-01,-0.008199999999999985
2018-12-02,-0.008199999999999985
2018-12-03,-0.008199999999999985
2018-12-04,0.010200000000000209
2018-12-05,0.01609999999999978
2018-12-06,0.010700000000000376
2018-12-07,0.028200000000000003
2018-12-08,0.0035333333333333883
2018-12-09,0.003533333333332944
2018-12-10,0.0035333333333333883
2018-12-11,-0.014100000000000001
2018-12-12,-0.048499999999999766
2018-12-13,0.03559999999999963
2018-12-14,0.026000000000000245
2018-12-15,-0.005866666666666465
2018-12-16,-0.005866666666667353
2018-12-17,-0.0058666666666660205
2018-12-18,0.01289999999999969
2018-12-19,-0.014699999999999935
2018-12-20,-0.05549999999999988
2018-12-21,0.061799999999999855
2018-12-22,0.0
2018-12-23,0.0
2018-12-24,0.0
2018-12-25,0.0
2018-12-26,0.018000000000000238
2018-12-27,-0.04850000000000021
2018-12-28,0.007800000000000029
2018-12-29,0.0
2018-12-30,0.0
2018-12-31,0.0
2019-01-01,0.0
2019-01-02,-0.09129999999999994
2019-01-03,-0.033500000000000085
2019-01-04,-0.040999999999999925
2019-01-05,0.006699999999999928
2019-01-06,0.006699999999999928
2019-01-07,0.006699999999999928
2019-01-08,-0.022299999999999986
2019-01-09,-0.03259999999999996
2019-01-10,0.02980000000000027
2019-01-11,0.0007999999999999119
2019-01-12,-0.004066666666667107
2019-01-13,-0.004066666666666663
2019-01-14,-0.004066666666666219
2019-01-15,0.018100000000000005
2019-01-16,0.019400000000000084
2019-01-17,0.013799999999999812
2019-01-18,0.0013000000000000789
2019-01-19,0.001100000000000101
2019-01-20,0.0010999999999996568
2019-01-21,0.001100000000000101
2019-01-22,0.06020000000000003
2019-01-23,-0.04889999999999972
2019-01-24,0.006999999999999673
2019-01-25,-0.0024999999999999467
2019-01-26,-0.002966666666667006
2019-01-27,-0.00296666666666745
2019-01-28,-0.002966666666665674
2019-01-29,-0.041699999999999626
2019-01-30,-0.03520000000000012
2019-01-31,-0.040999999999999925
2019-02-01,0.015699999999999825
2019-02-02,0.0030000000000001137
2019-02-03,0.0030000000000001137
2019-02-04,0.0029999999999996696
2019-02-05,0.001100000000000101
2019-02-06,0.028500000000000192
2019-02-07,0.01839999999999975
2019-02-08,0.012500000000000178
2019-02-09,0.009500000000000064
2019-02-10,0.009500000000000064
2019-02-11,0.00949999999999962
2019-02-12,-0.04789999999999983
2019-02-13,0.04459999999999997
2019-02-14,-0.031099999999999905
2019-02-15,-0.022499999999999964
2019-02-16,0.011499999999999844
2019-02-17,0.011500000000000288
2019-02-18,0.011499999999999844
2019-02-19,-0.012199999999999989
2019-02-20,0.0045999999999999375
2019-02-21,0.04190000000000005
2019-02-22,-0.02110000000000012
2019-02-23,0.0011999999999998678
2019-02-24,0.001200000000000312
2019-02-25,0.0011999999999998678
2019-02-26,-0.0032000000000000917
2019-02-27,-0.020199999999999996
2019-02-28,0.022699999999999942
2019-03-01,0.023800000000000043
2019-03-02,0.00010000000000021103
2019-03-03,9.999999999976694e-05
2019-03-04,0.00010000000000021103
2019-03-05,0.0
2019-03-06,0.06459999999999999
2019-03-07,0.030299999999999994
2019-03-08,-0.0036000000000000476
2019-03-09,-0.00883333333333347
2019-03-10,-0.008833333333333027
2019-03-11,-0.00883333333333347
2019-03-12,-0.028900000000000148
2019-03-13,0.0033000000000003027
2019-03-14,0.02959999999999985
2019-03-15,-0.029900000000000038
2019-03-16,-0.007633333333333159
2019-03-17,-0.007633333333334047
2019-03-18,-0.007633333333332715
2019-03-19,-0.0024000000000001798
2019-03-20,-0.012799999999999923
2019-03-21,0.01670000000000016
2019-03-22,0.11409999999999965
2019-03-23,-0.01756666666666673
2019-03-24,-0.017566666666666286
2019-03-25,-0.01756666666666673
2019-03-26,0.02289999999999992
2019-03-27,0.11620000000000008
2019-03-28,-0.09250000000000025
2019-03-29,0.023700000000000276
2019-03-30,-0.02430000000000021
2019-03-31,-0.024299999999999766
2019-04-01,-0.02430000000000021
2019-04-02,0.0019000000000000128
2019-04-03,0.016300000000000203
2019-04-04,-0.01100000000000012
2019-04-05,0.014000000000000234
2019-04-06,-0.008000000000000007
2019-04-07,-0.008000000000000007
2019-04-08,-0.008000000000000007
2019-04-09,0.0011999999999998678
2019-04-10,-0.025500000000000078
2019-04-11,0.03230000000000022
2019-04-12,0.0242
2019-04-13,-0.003066666666667217
2019-04-14,-0.003066666666666773
2019-04-15,-0.003066666666666329
2019-04-16,0.031099999999999905
2019-04-17,0.03420000000000023
2019-04-18,-0.011200000000000099
2019-04-19,-9.999999999976694e-05
2019-04-20,0.003266666666666751
2019-04-21,0.003266666666666307
2019-04-22,0.003266666666666751
2019-04-23,-0.01609999999999978
2019-04-24,0.07249999999999979
2019-04-25,-0.039200000000000124
2019-04-26,-0.0242
2019-04-27,0.005133333333333212
2019-04-28,0.005133333333333212
2019-04-29,0.005133333333333656
2019-04-30,-0.023499999999999854
2019-05-01,-0.0011999999999998678
2019-05-02,0.04589999999999961
2019-05-03,-0.027599999999999625
2019-05-04,0.010166666666666657
2019-05-05,0.010166666666666657
2019-05-06,0.010166666666666657
2019-05-07,0.0017000000000000348
2019-05-08,-0.042100000000000026
2019-05-09,0.01770000000000005
2019-05-10,0.010999999999999677
2019-05-11,0.011966666666666903
2019-05-12,0.011966666666666015
2019-05-13,0.011966666666667347
2019-05-14,-0.018000000000000238
2019-05-15,0.026699999999999946
2019-05-16,0.04550000000000054
2019-05-17,0.052999999999999936
2019-05-18,-0.0011333333333336526
2019-05-19,-0.0011333333333327644
2019-05-20,-0.0011333333333336526
2019-05-21,-0.057599999999999874
2019-05-22,0.0012999999999996348
2019-05-23,-0.000600000000000378
2019-05-24,-0.01809999999999956
2019-05-25,0.006566666666667054
2019-05-26,0.0065666666666661655
2019-05-27,0.006566666666667054
2019-05-28,-0.01670000000000016
2019-05-29,-0.05010000000000003
2019-05-30,0.007399999999999629
2019-05-31,-0.05979999999999963
2019-06-01,-0.012233333333333984
2019-06-02,-0.012233333333332652
2019-06-03,-0.01223333333333354
2019-06-04,-0.030899999999999928
2019-06-05,0.026599999999999735
2019-06-06,-0.0012999999999996348
2019-06-07,-0.0020999999999999908
2019-06-08,0.0033333333333334103
2019-06-09,0.0033333333333329662
2019-06-10,0.0033333333333334103
2019-06-11,-0.03049999999999997
2019-06-12,0.009999999999999787
2019-06-13,-0.01839999999999975
2019-06-14,0.04709999999999992
2019-06-15,-0.0024999999999999467
2019-06-16,-0.0024999999999999467
2019-06-17,-0.0024999999999999467
2019-06-18,-0.02859999999999996
2019-06-19,-0.020700000000000163
2019-06-20,-0.00019999999999997797
2019-06-21,-0.019600000000000062
2019-06-22,0.0019333333333335645
2019-06-23,0.0019333333333326763
2019-06-24,0.0019333333333340086
2019-06-25,0.022999999999999687
2019-06-26,-0.0044999999999997264
2019-06-27,-0.023900000000000254
2019-06-28,0.032399999999999984
2019-06-29,-0.0038999999999997925
2019-06-30,-0.0039000000000002366
2019-07-01,-0.0038999999999997925
2019-07-02,0.0045999999999999375
2019-07-03,-0.018899999999999917
2019-07-04,-0.02499999999999991
2019-07-05,0.02069999999999972
2019-07-06,-0.005066666666666997
2019-07-07,-0.005066666666667441
2019-07-08,-0.0050666666666656646
2019-07-09,-0.006299999999999972
2019-07-10,-0.04569999999999963
2019-07-11,-0.000300000000000189
2019-07-12,-0.018200000000000216
2019-07-13,0.006566666666665721
2019-07-14,0.006566666666667942
2019-07-15,0.00656666666666661
2019-07-16,0.012499999999999734
2019-07-17,-0.0047999999999999154
2019-07-18,-0.04449999999999976
2019-07-19,0.02939999999999987
2019-07-20,-0.0026000000000001577
2019-07-21,-0.0025999999999997137
2019-07-22,-0.0026000000000001577
2019-07-23,0.033199999999999896
2019-07-24,-0.0008999999999996788
2019-07-25,0.005700000000000038
2019-07-26,-0.0030000000000001137
2019-07-27,0.0019999999999997797
2019-07-28,0.002000000000000224
2019-07-29,0.0019999999999997797
2019-07-30,0.008300000000000196
2019-07-31,0.02289999999999992
2019-08-01,0.02629999999999999
2019-08-02,0.0495000000000001
2019-08-03,0.02983333333333338
2019-08-04,0.029833333333332046
2019-08-05,0.029833333333334267
2019-08-06,-0.017499999999999627
2019-08-07,0.007899999999999796
2019-08-08,-0.04939999999999989
2019-08-09,0.02179999999999982
2019-08-10,0.014899999999999913
2019-08-11,0.014900000000000357
2019-08-12,0.014899999999999913
2019-08-13,-0.020700000000000163
2019-08-14,0.08760000000000012
2019-08-15,-0.0613999999999999
2019-08-16,0.014599999999999724
2019-08-17,0.02286666666666637
2019-08-18,0.022866666666667257
2019-08-19,0.02286666666666637
2019-08-20,-0.021099999999999675
2019-08-21,-0.026900000000000368
2019-08-22,0.04440000000000044
2019-08-23,0.04919999999999991
2019-08-24,0.012433333333333074
2019-08-25,0.012433333333333962
2019-08-26,0.012433333333333074
2019-08-27,-0.026900000000000368
2019-08-28,0.03770000000000007
2019-08-29,0.0007999999999999119
2019-08-30,-0.02400000000000002
2019-08-31,0.013733333333332709
2019-09-01,0.013733333333333597
2019-09-02,0.013733333333333597
2019-09-03,-0.017900000000000027
2019-09-04,-0.07299999999999951
2019-09-05,0.01330000000000009
2019-09-06,-0.04740000000000055
2019-09-07,0.011199999999999655
2019-09-08,0.011200000000000543
2019-09-09,0.011199999999999655
2019-09-10,-0.014499999999999957
2019-09-11,-0.012699999999999712
2019-09-12,-0.006899999999999906
2019-09-13,0.0237999999999996
2019-09-14,-0.0012999999999996348
2019-09-15,-0.0012999999999996348
2019-09-16,-0.001300000000000523
2019-09-17,-0.0027999999999996916
2019-09-18,0.03329999999999966
2019-09-19,0.05660000000000043
2019-09-20,-0.020000000000000462
2019-09-21,0.005233333333332979
2019-09-22,0.005233333333333867
2019-09-23,0.005233333333332979
2019-09-24,0.0018000000000002458
2019-09-25,-0.01699999999999946
2019-09-26,0.022999999999999687
2019-09-27,-0.010799999999999699
2019-09-28,-0.0015999999999998238
2019-09-29,-0.001600000000000712
2019-09-30,-0.0015999999999998238
2019-10-01,0.0026999999999999247
2019-10-02,-0.02909999999999968
2019-10-03,-0.04550000000000054
2019-10-04,-0.028099999999999348
2019-10-05,0.017233333333333434
2019-10-06,0.017233333333332546
2019-10-07,0.017233333333333434
2019-10-08,-0.012599999999999945
2019-10-09,0.01470000000000038
2019-10-10,0.0
2019-10-11,0.0004999999999997229
2019-10-12,0.005366666666666298
2019-10-13,0.005366666666667186
2019-10-14,0.005366666666666298
2019-10-15,0.055000000000000604
2019-10-16,-0.03000000000000025
2019-10-17,0.012500000000000178
2019-10-18,-0.05250000000000021
2019-10-19,0.006000000000000227
2019-10-20,0.005999999999999339
2019-10-21,0.006000000000000227
2019-10-22,-0.046800000000000175
2019-10-23,-0.04800000000000004
2019-10-24,0.006400000000000183
2019-10-25,-0.037199999999999456
2019-10-26,-0.004233333333333533
2019-10-27,-0.004233333333333089
2019-10-28,-0.004233333333333533
2019-10-29,0.007800000000000029
2019-10-30,-0.008500000000000174
2019-10-31,0.027900000000000258
2019-11-01,-0.02770000000000028
2019-11-02,0.008500000000000174
2019-11-03,0.008500000000000174
2019-11-04,0.00849999999999973
2019-11-05,-0.021700000000000053
2019-11-06,0.08990000000000009
2019-11-07,0.01699999999999946
2019-11-08,0.06289999999999996
2019-11-09,-0.0038999999999997925
2019-11-10,-0.0038999999999997925
2019-11-11,-0.0038999999999997925
2019-11-12,0.015900000000000247
2019-11-13,0.0026999999999999247
2019-11-14,0.024699999999999278
2019-11-15,0.0008000000000008001
2019-11-16,0.007333333333333414
2019-11-17,0.007333333333332526
2019-11-18,0.007333333333333414
2019-11-19,-0.02349999999999941
2019-11-20,0.0012999999999996348
2019-11-21,-0.002500000000000391
2019-11-22,0.0032000000000005357
2019-11-23,0.010133333333333105
2019-11-24,0.010133333333333994
2019-11-25,0.010133333333333105
2019-11-26,0.006399999999999295
2019-11-27,0.030600000000000627
2019-11-28,-0.07359999999999989
2019-11-29,0.04639999999999933
2019-11-30,-0.004466666666666619
2019-12-01,-0.004466666666666619
2019-12-02,-0.004466666666666619
2019-12-03,-0.01670000000000016
2019-12-04,0.00140000000000029
2019-12-05,-0.02210000000000001
2019-12-06,-0.044500000000000206
2019-12-07,0.00036666666666640424
2019-12-08,0.0003666666666672924
2019-12-09,0.00036666666666640424
2019-12-10,0.0045000000000001705
2019-12-11,-0.02289999999999992
2019-12-12,-0.03330000000000055
2019-12-13,0.01750000000000007
2019-12-14,-0.015066666666666784
2019-12-15,-0.015066666666665895
2019-12-16,-0.015066666666666784
2019-12-17,0.008799999999999919
2019-12-18,-0.008600000000000385
2019-12-19,0.006400000000000183
2019-12-20,0.03279999999999994
2019-12-21,-0.006299999999999528
2019-12-22,-0.006300000000000416
2019-12-23,-0.006299999999999528
2019-12-24,0.0
2019-12-25,0.0004999999999997229
2019-12-26,-0.028100000000000236
2019-12-27,-0.010099999999999554
2019-12-28,-0.00883333333333347
2019-12-29,-0.00883333333333347
2019-12-30,-0.00883333333333347
2019-12-31,-9.999999999976694e-05
2020-01-01,0.0004999999999997229
2020-01-02,0.00649999999999995
2020-01-03,0.0409000000000006
2020-01-04,-0.0017666666666666941
2020-01-05,-0.0017666666666666941
2020-01-06,-0.0017666666666666941
2020-01-07,0.005999999999999339
2020-01-08,-0.0028999999999994586
2020-01-09,0.027800000000000047
2020-01-10,0.0034999999999998366
2020-01-11,0.01686666666666703
2020-01-12,0.01686666666666614
2020-01-13,0.01686666666666703
2020-01-14,-0.014000000000000234
2020-01-15,0.04269999999999996
2020-01-16,0.009400000000000297
2020-01-17,-0.023100000000000342
2020-01-18,0.009400000000000297
2020-01-19,0.009399999999999409
2020-01-20,0.009400000000000297
2020-01-21,0.022499999999999964
2020-01-22,-0.02970000000000006
2020-01-23,-0.012299999999999756
2020-01-24,0.011099999999999888
2020-01-25,0.0086666666666666
2020-01-26,0.0086666666666666
2020-01-27,0.0086666666666666
2020-01-28,-0.013099999999999667
2020-01-29,0.03599999999999959
2020-01-30,0.0127000000000006
2020-01-31,0.0389999999999997
2020-02-01,-0.011466666666666292
2020-02-02,-0.01146666666666718
2020-02-03,-0.011466666666666292
2020-02-04,0.006899999999999906
2020-02-05,-0.01920000000000055
2020-02-06,0.04689999999999994
2020-02-07,0.03810000000000002
2020-02-08,0.0015000000000000568
2020-02-09,0.0015000000000000568
2020-02-10,0.0015000000000000568
2020-02-11,0.006800000000000139
2020-02-12,0.02320000000000011
2020-02-13,-0.004999999999999893
2020-02-14,-0.052400000000000446
2020-02-15,0.009866666666666468
2020-02-16,0.009866666666667356
2020-02-17,0.009866666666666468
2020-02-18,0.028699999999999726
2020-02-19,0.009199999999999875
2020-02-20,0.028400000000000425
2020-02-21,-0.0038000000000000256
2020-02-22,-0.0005666666666668263
2020-02-23,-0.0005666666666659381
2020-02-24,-0.0005666666666668263
2020-02-25,0.0
2020-02-26,0.062399999999999345
2020-02-27,0.03590000000000071
2020-02-28,-0.012800000000000367
2020-02-29,0.0002333333333330856
2020-03-01,0.00023333333333397377
2020-03-02,0.0002333333333330856
2020-03-03,0.04039999999999999
2020-03-04,0.07029999999999959
2020-03-05,0.02260000000000062
2020-03-06,0.019599999999999618
2020-03-07,0.032066666666666244
2020-03-08,0.03206666666666713
2020-03-09,0.032066666666666244
2020-03-10,-0.08059999999999956
2020-03-11,0.17110000000000003
2020-03-12,-0.02259999999999973
2020-03-13,0.06699999999999928
2020-03-14,0.04740000000000055
2020-03-15,0.047399999999999665
2020-03-16,0.04740000000000055
2020-03-17,0.008199999999999541
2020-03-18,0.09799999999999986
2020-03-19,-0.010699999999999932
2020-03-20,-0.032999999999999474
2020-03-21,0.02723333333333322
2020-03-22,0.02723333333333322
2020-03-23,0.02723333333333322
2020-03-24,-0.04610000000000003
2020-03-25,-0.06299999999999972
2020-03-26,-0.014100000000000001
2020-03-27,0.07850000000000001
2020-03-28,0.031299999999999883
2020-03-29,0.031299999999999883
2020-03-30,0.031299999999999883
2020-03-31,0.01100000000000012
2020-04-01,0.04469999999999974
2020-04-02,0.004000000000000448
2020-04-03,0.09729999999999972
2020-04-04,-0.021433333333333415
2020-04-05,-0.021433333333333415
2020-04-06,-0.021433333333333415
2020-04-07,-0.06489999999999974
2020-04-08,-0.09809999999999963
2020-04-09,-0.016300000000000203
2020-04-10,-0.000700000000000145
2020-04-11,0.031033333333333246
2020-04-12,0.031033333333333246
2020-04-13,0.031033333333333246
2020-04-14,-0.03730000000000011
2020-04-15,0.07460000000000022
2020-04-16,-0.0034000000000000696
2020-04-17,0.0030000000000001137
2020-04-18,0.026833333333333265
2020-04-19,0.026833333333333265
2020-04-20,0.026833333333333265
2020-04-21,-0.0004999999999997229
2020-04-22,0.14170000000000016
2020-04-23,0.0754999999999999
2020-04-24,0.05719999999999992
2020-04-25,0.020633333333333503
2020-04-26,0.020633333333332615
2020-04-27,0.020633333333333503
2020-04-28,-0.1526999999999994
2020-04-29,-0.1650999999999998
2020-04-30,0.1509999999999998
2020-05-01,-0.00020000000000042206
2020-05-02,0.01980000000000004
2020-05-03,0.01980000000000004
2020-05-04,0.01980000000000004
2020-05-05,0.03329999999999966
2020-05-06,0.13570000000000082
2020-05-07,0.1166999999999998
2020-05-08,-0.09879999999999978
2020-05-09,0.028699999999999726
2020-05-10,0.028699999999999726
2020-05-11,0.028699999999999726
2020-05-12,0.06760000000000055
2020-05-13,-0.00039999999999995595
2020-05-14,-0.07370000000000054
2020-05-15,0.043900000000000716
2020-05-16,-0.04546666666666699
2020-05-17,-0.0454666666666661
2020-05-18,-0.04546666666666699
2020-05-19,0.034999999999999254
2020-05-20,-0.061499999999999666
2020-05-21,-0.14179999999999993
2020-05-22,-0.016899999999999693
2020-05-23,-0.029233333333333
2020-05-24,-0.02923333333333389
2020-05-25,-0.029233333333333
2020-05-26,-0.10110000000000063
2020-05-27,-0.07169999999999987
2020-05-28,0.13119999999999976
2020-05-29,-0.06839999999999957
2020-05-30,0.009066666666666556
2020-05-31,0.009066666666666556
2020-06-01,0.009066666666666556
2020-06-02,-0.16190000000000015
2020-06-03,-0.13919999999999977
2020-06-04,0.05679999999999996
2020-06-05,-0.16049999999999986
2020-06-06,-0.0451666666666668
2020-06-07,-0.04516666666666591
2020-06-08,-0.0451666666666668
2020-06-09,0.07620000000000005
2020-06-10,0.07399999999999984
2020-06-11,0.0027999999999996916
2020-06-12,0.07450000000000045
2020-06-13,0.03506666666666636
2020-06-14,0.035066666666667246
2020-06-15,0.03506666666666636
2020-06-16,0.08729999999999993
2020-06-17,-0.01440000000000019
2020-06-18,0.14900000000000002
2020-06-19,-0.06709999999999994
2020-06-20,-0.019366666666666532
2020-06-21,-0.01936666666666742
2020-06-22,-0.019366666666666532
2020-06-23,-0.0981999999999994
2020-06-24,0.1924999999999999
2020-06-25,0.009399999999999409
2020-06-26,0.12790000000000035
2020-06-27,-0.026866666666666816
2020-06-28,-0.026866666666665928
2020-06-29,-0.026866666666666816
2020-06-30,0.06269999999999953
2020-07-01,-0.14869999999999983
2020-07-02,0.04220000000000024
2020-07-03,-0.04380000000000006
2020-07-04,0.01346666666666696
2020-07-05,0.013466666666666072
2020-07-06,0.01346666666666696
2020-07-07,0.022799999999999265
2020-07-08,-0.0367999999999995
2020-07-09,-0.0008999999999996788
2020-07-10,-0.01750000000000007
2020-07-11,0.026733333333333498
2020-07-12,0.02673333333333261
2020-07-13,0.026733333333333498
2020-07-14,-0.036599999999999966
2020-07-15,0.0023999999999997357
2020-07-16,-0.03869999999999951
2020-07-17,0.05379999999999985
2020-07-18,-0.01886666666666681
2020-07-19,-0.01886666666666681
2020-07-20,-0.01886666666666681
2020-07-21,-0.15700000000000003
2020-07-22,-0.05469999999999953
2020-07-23,0.0945999999999998
2020-07-24,0.021700000000000053
2020-07-25,-0.02939999999999987
2020-07-26,-0.02939999999999987
2020-07-27,-0.02939999999999987
2020-07-28,0.008599999999999497
2020-07-29,0.015900000000000247
2020-07-30,-0.015799999999999592
2020-07-31,0.07059999999999977
2020-08-01,0.032433333333333536
2020-08-02,0.03243333333333265
2020-08-03,0.032433333333333536
2020-08-04,-0.031299999999999883
2020-08-05,0.00019999999999953388
2020-08-06,0.04130000000000056
2020-08-07,0.10679999999999978
2020-08-08,0.014300000000000423
2020-08-09,0.014299999999999535
2020-08-10,0.014300000000000423
2020-08-11,-0.1012000000000004
2020-08-12,0.053300000000000125
2020-08-13,-0.06430000000000025
2020-08-14,0.05140000000000011
2020-08-15,0.02953333333333319
2020-08-16,0.029533333333334078
2020-08-17,0.02953333333333319
2020-08-18,-0.04240000000000066
2020-08-19,0.09090000000000042
2020-08-20,-0.000700000000000145
2020-08-21,0.06240000000000023
2020-08-22,-0.003066666666666329
2020-08-23,-0.003066666666667217
2020-08-24,-0.003066666666666329
2020-08-25,-0.10250000000000004
2020-08-26,0.0979000000000001
2020-08-27,-0.036300000000000665
2020-08-28,-0.18100000000000005
2020-08-29,0.034433333333333316
2020-08-30,0.034433333333333316
2020-08-31,0.034433333333333316
2020-09-01,-0.09539999999999971
2020-09-02,-0.05569999999999986
2020-09-03,-0.04889999999999972
2020-09-04,0.009799999999999365
2020-09-05,0.015649999999999942
2020-09-06,0.015649999999999942
2020-09-07,0.01565000000000083
2020-09-08,0.015649999999999942
2020-09-09,-0.05600000000000005
2020-09-10,0.013199999999999434
2020-09-11,-0.0020999999999995467
2020-09-12,-0.01609999999999978
2020-09-13,-0.01610000000000067
2020-09-14,-0.01609999999999978
2020-09-15,0.0041999999999999815
2020-09-16,-0.03709999999999969
2020-09-17,0.0016999999999995907
2020-09-18,0.1482000000000001
2020-09-19,0.00849999999999973
2020-09-20,0.008500000000000618
2020-09-21,0.00849999999999973
2020-09-22,0.057299999999999685
2020-09-23,0.1238999999999999
2020-09-24,-0.08539999999999992
2020-09-25,0.05350000000000055
2020-09-26,0.03343333333333298
2020-09-27,0.03343333333333387
2020-09-28,0.03343333333333298
2020-09-29,-0.02829999999999977
2020-09-30,-0.02320000000000011
2020-10-01,0.03249999999999975
2020-10-02,0.041400000000000325
2020-10-03,-0.03693333333333371
2020-10-04,-0.03693333333333282
2020-10-05,-0.03693333333333371
2020-10-06,0.01869999999999994
2020-10-07,0.01670000000000016
2020-10-08,-0.01100000000000012
2020-10-09,-0.0669000000000004
2020-10-10,0.009375000000000355
2020-10-11,0.009374999999999467
2020-10-12,0.009375000000000355
2020-10-13,0.009375000000000355
2020-10-14,0.021899999999999586
2020-10-15,0.021399999999999864
2020-10-16,0.03020000000000067
2020-10-17,-0.011966666666666903
2020-10-18,-0.011966666666666015
2020-10-19,-0.011966666666666903
2020-10-20,-0.0015000000000000568
2020-10-21,0.0011999999999998678
2020-10-22,-0.017300000000000537
2020-10-23,0.028200000000000003
2020-10-24,0.0018000000000002458
2020-10-25,0.0017999999999993577
2020-10-26,0.0018000000000002458
2020-10-27,0.08260000000000023
2020-10-28,0.04020000000000046
2020-10-29,0.03329999999999966
2020-10-30,-0.034399999999999764
2020-10-31,-0.000700000000000145
2020-11-01,-0.000700000000000145
2020-11-02,-0.000700000000000145
2020-11-03,0.013500000000000512
2020-11-04,-0.09250000000000025
2020-11-05,-0.13849999999999962
2020-11-06,-0.16030000000000033
2020-11-07,0.007033333333333225
2020-11-08,0.007033333333333225
2020-11-09,0.007033333333333225
2020-11-10,0.028900000000000148
2020-11-11,-0.023699999999999832
2020-11-12,0.06709999999999994
2020-11-13,9.999999999976694e-05
2020-11-14,-0.014333333333333087
2020-11-15,-0.014333333333333975
2020-11-16,-0.014333333333333087
2020-11-17,-0.08709999999999951
2020-11-18,0.03479999999999972
2020-11-19,-0.05750000000000011
2020-11-20,0.07430000000000003
2020-11-21,0.019766666666666488
2020-11-22,0.019766666666667376
2020-11-23,0.019766666666666488
2020-11-24,-0.06540000000000035
2020-11-25,-0.049900000000000055
2020-11-26,0.012800000000000367
2020-11-27,0.007299999999999862
2020-11-28,-0.003966666666666896
2020-11-29,-0.003966666666666008
2020-11-30,-0.003966666666666896
2020-12-01,-0.1257999999999999
2020-12-02,0.011400000000000077
2020-12-03,-0.06599999999999984
2020-12-04,0.0041999999999999815
2020-12-05,-0.01890000000000036
2020-12-06,-0.018899999999999473
2020-12-07,-0.01890000000000036
2020-12-08,0.02119999999999944
2020-12-09,0.0506000000000002
2020-12-10,-0.1452
2020-12-11,0.040000000000000036
2020-12-12,0.01776666666666671
2020-12-13,0.01776666666666671
2020-12-14,0.01776666666666671
2020-12-15,-0.03469999999999995
2020-12-16,-0.00039999999999995595
2020-12-17,-0.025599999999999845
2020-12-18,0.043999999999999595
2020-12-19,0.006666666666666821
2020-12-20,0.006666666666666821
2020-12-21,0.006666666666666821
2020-12-22,0.037499999999999645
2020-12-23,0.056700000000000195
2020-12-24,9.999999999976694e-05
2020-12-25,0.007400000000000517
2020-12-26,0.007399999999999629
2020-12-27,0.007399999999999629
2020-12-28,0.007400000000000517
2020-12-29,-0.03620000000000001
2020-12-30,-0.016200000000000436
2020-12-31,-0.00019999999999953388
2021-01-01,0.0
2021-01-02,0.034433333333333316
2021-01-03,0.034433333333333316
2021-01-04,0.034433333333333316
2021-01-05,-0.011400000000000077
2021-01-06,0.028500000000000192
2021-01-07,0.09619999999999962
2021-01-08,0.007699999999999818
2021-01-09,0.023733333333333384
2021-01-10,0.023733333333333384
2021-01-11,0.023733333333333384
2021-01-12,-0.16639999999999944
2021-01-13,-0.023600000000000065
2021-01-14,-0.1023000000000005
2021-01-15,0.09600000000000009
2021-01-16,0.001000000000000334
2021-01-17,0.0009999999999994458
2021-01-18,0.001000000000000334
2021-01-19,0.062100000000000044
2021-01-20,-0.06610000000000049
2021-01-21,0.058900000000000396
2021-01-22,0.11599999999999966
2021-01-23,-3.333333333355171e-05
2021-01-24,-3.333333333266353e-05
2021-01-25,-3.333333333355171e-05
2021-01-26,-0.11129999999999995
2021-01-27,0.05860000000000021
2021-01-28,0.02719999999999967
2021-01-29,0.02150000000000052
2021-01-30,-0.010100000000000442
2021-01-31,-0.010099999999999554
2021-02-01,-0.010100000000000442
2021-02-02,-0.06419999999999959
2021-02-03,-0.014600000000000612
2021-02-04,0.07319999999999993
2021-02-05,-0.056199999999999584
2021-02-06,-0.001566666666666272
2021-02-07,-0.0015666666666671603
2021-02-08,-0.001566666666666272
2021-02-09,0.012399999999999523
2021-02-10,0.00790000000000024
2021-02-11,-0.01949999999999985
2021-02-12,0.0032999999999994145
2021-02-13,-7.49999999998252e-05
2021-02-14,-7.49999999998252e-05
2021-02-15,-7.49999999998252e-05
2021-02-16,-7.49999999998252e-05
2021-02-17,0.04099999999999948
2021-02-18,0.016499999999999737
2021-02-19,-0.04469999999999974
2021-02-20,0.02786666666666715
2021-02-21,0.027866666666666262
2021-02-22,0.02786666666666715
2021-02-23,-0.025000000000000355
2021-02-24,-0.03469999999999995
2021-02-25,0.12460000000000004
2021-02-26,0.06780000000000008
2021-02-27,0.01440000000000019
2021-02-28,0.014399999999999302
2021-03-01,0.01440000000000019
2021-03-02,0.0343
2021-03-03,-0.05679999999999996
2021-03-04,0.04999999999999982
2021-03-05,0.02150000000000052
2021-03-06,0.06156666666666677
2021-03-07,0.06156666666666588
2021-03-08,0.06156666666666677
2021-03-09,-0.07299999999999951
2021-03-10,-0.1305000000000005
2021-03-11,-0.13629999999999942
2021-03-12,0.01609999999999978
2021-03-13,0.021266666666666545
2021-03-14,0.021266666666666545
2021-03-15,0.021266666666666545
2021-03-16,0.009000000000000341
2021-03-17,-0.041400000000000325
2021-03-18,-0.022800000000000153
2021-03-19,-0.06869999999999976
2021-03-20,0.004266666666667085
2021-03-21,0.004266666666666197
2021-03-22,0.004266666666667085
2021-03-23,0.016899999999999693
2021-03-24,0.09949999999999992
2021-03-25,0.02660000000000018
2021-03-26,0.10909999999999975
2021-03-27,0.0077666666666669215
2021-03-28,0.007766666666666033
2021-03-29,0.0077666666666669215
2021-03-30,-0.005399999999999849
2021-03-31,-0.1429999999999998
2021-04-01,0.07559999999999967
2021-04-02,0.00039999999999995595
2021-04-03,-0.014766666666666595
2021-04-04,-0.014766666666666595
2021-04-05,-0.014766666666666595
2021-04-06,-0.07279999999999998
2021-04-07,0.023900000000000254
2021-04-08,-0.042300000000000004
2021-04-09,0.11010000000000009
2021-04-10,0.017066666666666563
2021-04-11,0.017066666666666563
2021-04-12,0.017066666666666563
2021-04-13,-0.01670000000000016
2021-04-14,-0.06400000000000006
2021-04-15,-0.036399999999999544
2021-04-16,-0.027899999999999814
2021-04-17,-0.01406666666666645
2021-04-18,-0.014066666666667338
2021-04-19,-0.01406666666666645
2021-04-20,0.02259999999999973
2021-04-21,0.000300000000000189
2021-04-22,-0.12420000000000009
2021-04-23,0.030300000000000438
2021-04-24,-0.012900000000000134
2021-04-25,-0.012900000000000134
2021-04-26,-0.012900000000000134
2021-04-27,0.012599999999999945
2021-04-28,-0.10599999999999987
2021-04-29,-0.005499999999999616
2021-04-30,0.09909999999999997
2021-05-01,0.0018000000000002458
2021-05-02,0.0017999999999993577
2021-05-03,0.0018000000000002458
2021-05-04,0.0015000000000000568
2021-05-05,-0.0893000000000006
2021-05-06,-0.07819999999999983
2021-05-07,-0.039200000000000124
2021-05-08,-0.0031999999999996476
2021-05-09,-0.0031999999999996476
2021-05-10,-0.0032000000000005357
2021-05-11,-0.006400000000000183
2021-05-12,0.08530000000000015
2021-05-13,0.0029000000000003467
2021-05-14,-0.03620000000000001
2021-05-15,3.333333333355171e-05
2021-05-16,3.333333333266353e-05
2021-05-17,3.333333333355171e-05
2021-05-18,-0.012399999999999523
2021-05-19,0.04889999999999972
2021-05-20,-0.026900000000000368
2021-05-21,0.07920000000000016
2021-05-22,-0.014733333333333043
2021-05-23,-0.014733333333333931
2021-05-24,-0.014733333333333043
2021-05-25,0.014499999999999957
2021-05-26,-0.020500000000000185
2021-05-27,-0.07319999999999993
2021-05-28,-0.013099999999999667
2021-05-29,-0.002666666666666373
2021-05-30,-0.002666666666667261
2021-05-31,-0.002666666666666373
2021-06-01,-0.06630000000000003
2021-06-02,-0.0754999999999999
2021-06-03,0.0020999999999995467
2021-06-04,-0.02799999999999958
2021-06-05,-0.0014666666666665051
2021-06-06,-0.0014666666666673933
2021-06-07,-0.0014666666666665051
2021-06-08,-0.012599999999999945
2021-06-09,0.029600000000000293
2021-06-10,-0.006899999999999906
2021-06-11,0.06189999999999962
2021-06-12,-0.019000000000000128
2021-06-13,-0.01899999999999924
2021-06-14,-0.019000000000000128
2021-06-15,-0.014800000000000146
2021-06-16,0.009199999999999875
2021-06-17,-0.04860000000000042
2021-06-18,0.08480000000000043
2021-06-19,-0.025900000000000034
2021-06-20,-0.025900000000000034
2021-06-21,-0.025900000000000034
2021-06-22,-0.055600000000000094
2021-06-23,0.00930000000000053
2021-06-24,-0.052999999999999936
2021-06-25,0.01980000000000004
2021-06-26,-0.0030333333333336654
2021-06-27,-0.003033333333332777
2021-06-28,-0.0030333333333336654
2021-06-29,0.03149999999999942
2021-06-30,0.0127000000000006
2021-07-01,0.07899999999999974
2021-07-02,0.00990000000000002
2021-07-03,0.011166666666666991
2021-07-04,0.011166666666666103
2021-07-05,0.011166666666666991
2021-07-06,0.1059000000000001
2021-07-07,0.0345999999999993
2021-07-08,0.026400000000000645
2021-07-09,-0.02122500000000027
2021-07-10,-0.021224999999999383
2021-07-11,-0.02122500000000027
2021-07-12,-0.02122500000000027
2021-07-13,-0.010799999999999699
2021-07-14,-0.09160000000000057
2021-07-15,0.0411999999999999
2021-07-16,0.0029000000000003467
2021-07-17,0.045733333333333626
2021-07-18,0.04573333333333274
2021-07-19,0.045733333333333626
2021-07-20,-0.03139999999999965
2021-07-21,-0.03310000000000013
2021-07-22,0.012900000000000134
2021-07-23,0.0002999999999993008
2021-07-24,-0.008166666666666877
2021-07-25,-0.00816666666666599
2021-07-26,-0.008166666666666877
2021-07-27,-0.007100000000000328
2021-07-28,-0.05329999999999924
2021-07-29,-0.03450000000000042
2021-07-30,0.1311
2021-07-31,-0.01253333333333373
2021-08-01,-0.012533333333332841
2021-08-02,-0.01253333333333373
2021-08-03,0.02200000000000024
2021-08-04,-0.028200000000000003
2021-08-05,0.08030000000000026
2021-08-06,-0.01869999999999994
2021-08-07,0.001000000000000334
2021-08-08,0.0009999999999994458
2021-08-09,0.001000000000000334
2021-08-10,-0.04360000000000053
2021-08-11,0.028999999999999915
2021-08-12,0.03390000000000004
2021-08-13,-0.005799999999999805
2021-08-14,0.0042999999999997485
2021-08-15,0.004300000000000637
2021-08-16,0.0042999999999997485
2021-08-17,0.03530000000000033
2021-08-18,0.08460000000000001
2021-08-19,0.03479999999999972
2021-08-20,-0.037200000000000344
2021-08-21,0.0010666666666665492
2021-08-22,0.0010666666666674374
2021-08-23,0.0010666666666665492
2021-08-24,-0.13390000000000057
2021-08-25,-0.0345999999999993
2021-08-26,0.04049999999999976
2021-08-27,-0.05259999999999998
2021-08-28,-0.0052000000000003155
2021-08-29,-0.005199999999999427
2021-08-30,-0.0052000000000003155
2021-08-31,-0.03479999999999972
2021-09-01,0.036599999999999966
2021-09-02,-0.0039000000000006807
2021-09-03,0.010400000000000631
2021-09-04,-0.007666666666667155
2021-09-05,-0.007666666666666266
2021-09-06,-0.007666666666667155
2021-09-07,-9.999999999976694e-05
2021-09-08,0.15219999999999967
2021-09-09,-0.12379999999999924
2021-09-10,0.04779999999999962
2021-09-11,-0.01023333333333376
2021-09-12,-0.010233333333332872
2021-09-13,-0.01023333333333376
2021-09-14,0.025100000000000122
2021-09-15,-0.017900000000000027
2021-09-16,0.03160000000000007
2021-09-17,0.03479999999999972
2021-09-18,0.0118999999999998
2021-09-19,0.011900000000000688
2021-09-20,0.0118999999999998
2021-09-21,-0.05410000000000004
2021-09-22,0.01890000000000036
2021-09-23,0.014199999999999768
2021-09-24,0.03139999999999965
2021-09-25,0.019000000000000128
2021-09-26,0.019000000000000128
2021-09-27,0.019000000000000128
2021-09-28,0.0378999999999996
2021-09-29,-0.01359999999999939
2021-09-30,0.027099999999999902
2021-10-01,-0.07889999999999997
2021-10-02,0.02986666666666693
2021-10-03,0.029866666666666042
2021-10-04,0.02986666666666693
2021-10-05,0.021300000000000097
2021-10-06,0.01639999999999997
2021-10-07,0.027599999999999625
2021-10-08,-0.010599999999999277
2021-10-09,0.009500000000000064
2021-10-10,0.009499999999999176
2021-10-11,0.009500000000000064
2021-10-12,-0.0041999999999999815
2021-10-13,-0.019199999999999662
2021-10-14,-9.999999999976694e-05
2021-10-15,-0.05210000000000026
2021-10-16,0.01686666666666703
2021-10-17,0.01686666666666614
2021-10-18,0.01686666666666703
2021-10-19,0.07269999999999932
2021-10-20,0.013100000000000556
2021-10-21,0.06020000000000003
2021-10-22,-0.010299999999999976
2021-10-23,-0.030366666666666653
2021-10-24,-0.030366666666666653
2021-10-25,-0.030366666666666653
2021-10-26,0.010299999999999976
2021-10-27,-0.02859999999999996
2021-10-28,0.10839999999999961
2021-10-29,-0.009199999999999875
2021-10-30,0.014766666666666595
2021-10-31,0.014766666666666595
2021-11-01,0.014766666666666595
2021-11-02,-0.0019999999999997797
2021-11-03,-0.12699999999999978
2021-11-04,0.0495000000000001
2021-11-05,-0.059200000000000585
2021-11-06,0.00039999999999995595
2021-11-07,0.00039999999999995595
2021-11-08,0.00039999999999995595
2021-11-09,-0.06359999999999921
2021-11-10,0.010599999999999277
2021-11-11,-0.0920999999999994
2021-11-12,0.05989999999999984
2021-11-13,-0.00043333333333350765
2021-11-14,-0.00043333333333350765
2021-11-15,-0.00043333333333350765
2021-11-16,0.04530000000000012
2021-11-17,0.026400000000000645
2021-11-18,0.028399999999999537
2021-11-19,0.05590000000000028
2021-11-20,-0.009000000000000341
2021-11-21,-0.008999999999999453
2021-11-22,-0.009000000000000341
2021-11-23,-0.01529999999999987
2021-11-24,0.03489999999999949
2021-11-25,-0.039699999999999847
2021-11-26,0.043400000000000105
2021-11-27,-0.0026999999999999247
2021-11-28,-0.0026999999999999247
2021-11-29,-0.0026999999999999247
2021-11-30,0.022199999999999775
2021-12-01,0.07160000000000011
2021-12-02,-0.04929999999999968
2021-12-03,0.006999999999999673
2021-12-04,0.011966666666666903
2021-12-05,0.011966666666666015
2021-12-06,0.011966666666666903
2021-12-07,-0.07629999999999981
2021-12-08,-0.08009999999999984
2021-12-09,0.040000000000000036
2021-12-10,0.040000000000000036
2021-12-11,0.02256666666666618
2021-12-12,0.022566666666667068
2021-12-13,0.02256666666666618
2021-12-14,0.001100000000000101
2021-12-15,-0.0008999999999996788
2021-12-16,0.007799999999999585
2021-12-17,0.007700000000000706
2021-12-18,0.01546666666666674
2021-12-19,0.015466666666665851
2021-12-20,0.01546666666666674
2021-12-21,0.0026000000000001577
2021-12-22,-0.09109999999999996
2021-12-23,0.02090000000000014
2021-12-24,0.00039999999999995595
2021-12-25,-0.016799999999999926
2021-12-26,-0.016799999999999926
2021-12-27,-0.016799999999999926
2021-12-28,0.0034000000000000696
2021-12-29,0.07489999999999952
2021-12-30,-0.1322000000000001
2021-12-31,-0.000700000000000145
