"Último","aggregatedTimestamp"
0.9205277777777777,"1994-07-04"
0.9235476190476188,"1994-07-10"
0.9323809523809522,"1994-07-17"
0.934952380952381,"1994-07-24"
0.9160238095238096,"1994-07-31"
0.8993333333333334,"1994-08-07"
0.8947142857142857,"1994-08-14"
0.8876190476190476,"1994-08-21"
0.8870476190476189,"1994-08-28"
0.878095238095238,"1994-09-04"
0.8555238095238095,"1994-09-11"
0.855904761904762,"1994-09-18"
0.8601904761904762,"1994-09-25"
0.8457380952380953,"1994-10-02"
0.8324047619047619,"1994-10-09"
0.848547619047619,"1994-10-16"
0.8503809523809525,"1994-10-23"
0.8431190476190477,"1994-10-30"
0.8348571428571429,"1994-11-06"
0.8334285714285714,"1994-11-13"
0.8476428571428571,"1994-11-20"
0.8535238095238096,"1994-11-27"
0.8464047619047618,"1994-12-04"
0.8456190476190475,"1994-12-11"
0.8529285714285715,"1994-12-18"
0.8495238095238095,"1994-12-25"
0.85880625,"1995-01-01"
0.8460476190476189,"1995-01-08"
0.8467857142857143,"1995-01-15"
0.8473333333333335,"1995-01-22"
0.8402857142857143,"1995-01-29"
0.8349285714285714,"1995-02-05"
0.8379761904761905,"1995-02-12"
0.845547619047619,"1995-02-19"
0.8537857142857143,"1995-02-26"
0.881595238095238,"1995-03-05"
0.8889999999999998,"1995-03-12"
0.9054523809523809,"1995-03-19"
0.9042857142857142,"1995-03-26"
0.8974761904761905,"1995-04-02"
0.9029761904761905,"1995-04-09"
0.9091904761904762,"1995-04-16"
0.9171666666666667,"1995-04-23"
0.9064285714285715,"1995-04-30"
0.8958571428571428,"1995-05-07"
0.8891190476190475,"1995-05-14"
0.8929999999999999,"1995-05-21"
0.9040476190476191,"1995-05-28"
0.9087142857142857,"1995-06-04"
0.9094523809523809,"1995-06-11"
0.9158809523809524,"1995-06-18"
0.9183190476190477,"1995-06-25"
0.9217190476190478,"1995-07-02"
0.9245142857142858,"1995-07-09"
0.9292571428571428,"1995-07-16"
0.9348190476190475,"1995-07-23"
0.9350238095238095,"1995-07-30"
0.9352714285714284,"1995-08-06"
0.9408380952380951,"1995-08-13"
0.9448428571428571,"1995-08-20"
0.9491428571428572,"1995-08-27"
0.948952380952381,"1995-09-03"
0.9514571428571428,"1995-09-10"
0.9524999999999999,"1995-09-17"
0.9536952380952378,"1995-09-24"
0.9579095238095237,"1995-10-01"
0.9579619047619047,"1995-10-08"
0.9592238095238095,"1995-10-15"
0.9611333333333333,"1995-10-22"
0.9614809523809524,"1995-10-29"
0.9610666666666665,"1995-11-05"
0.9618714285714286,"1995-11-12"
0.9637285714285713,"1995-11-19"
0.9651190476190475,"1995-11-26"
0.966,"1995-12-03"
0.9665857142857143,"1995-12-10"
0.9679142857142856,"1995-12-17"
0.9704607142857143,"1995-12-24"
0.9943638888888888,"1996-01-01"
0.9723047619047618,"1996-01-07"
0.9726523809523809,"1996-01-14"
0.9764999999999999,"1996-01-21"
0.9779999999999999,"1996-01-28"
0.9779999999999999,"1996-02-04"
0.9818857142857141,"1996-02-11"
0.9830000000000001,"1996-02-18"
0.9838000000000001,"1996-02-25"
0.9831333333333335,"1996-03-03"
0.9854095238095237,"1996-03-10"
0.9867928571428571,"1996-03-17"
0.9874904761904761,"1996-03-24"
0.986947619047619,"1996-03-31"
0.9892333333333333,"1996-04-07"
0.9896238095238095,"1996-04-14"
0.9911952380952381,"1996-04-21"
0.9919380952380952,"1996-04-28"
0.9931380952380952,"1996-05-05"
0.9957761904761905,"1996-05-12"
0.9954238095238095,"1996-05-19"
0.9968476190476189,"1996-05-26"
0.9982999999999999,"1996-06-02"
1.000142857142857,"1996-06-09"
1.0016761904761904,"1996-06-16"
1.0032142857142858,"1996-06-23"
1.0043047619047618,"1996-06-30"
1.004904761904762,"1996-07-07"
1.0065380952380951,"1996-07-14"
1.008247619047619,"1996-07-21"
1.010447619047619,"1996-07-28"
1.0108047619047622,"1996-08-04"
1.0124857142857144,"1996-08-11"
1.0143,"1996-08-18"
1.0157333333333334,"1996-08-25"
1.0171047619047617,"1996-09-01"
1.0189,"1996-09-08"
1.0190571428571427,"1996-09-15"
1.0200142857142855,"1996-09-22"
1.0213142857142856,"1996-09-29"
1.0238809523809524,"1996-10-06"
1.0247047619047618,"1996-10-13"
1.0262857142857142,"1996-10-20"
1.0279476190476189,"1996-10-27"
1.0283142857142857,"1996-11-03"
1.0297809523809525,"1996-11-10"
1.030095238095238,"1996-11-17"
1.0317952380952382,"1996-11-24"
1.0335619047619047,"1996-12-01"
1.0369285714285712,"1996-12-08"
1.038295238095238,"1996-12-15"
1.0387904761904758,"1996-12-22"
1.0772416666666664,"1997-01-01"
1.0406333333333333,"1997-01-05"
1.0422666666666667,"1997-01-12"
1.0430428571428574,"1997-01-19"
1.0447857142857142,"1997-01-26"
1.0463047619047616,"1997-02-02"
1.0478857142857143,"1997-02-09"
1.049609523809524,"1997-02-16"
1.0506761904761903,"1997-02-23"
1.0519285714285715,"1997-03-02"
1.0557476190476192,"1997-03-09"
1.0607333333333333,"1997-03-16"
1.0601190476190476,"1997-03-23"
1.0591428571428572,"1997-03-30"
1.0585333333333333,"1997-04-06"
1.0607857142857142,"1997-04-13"
1.0624380952380952,"1997-04-20"
1.063361904761905,"1997-04-27"
1.0649190476190475,"1997-05-04"
1.0671619047619048,"1997-05-11"
1.0697476190476192,"1997-05-18"
1.0725142857142858,"1997-05-25"
1.0714571428571429,"1997-06-01"
1.0732238095238094,"1997-06-08"
1.0748095238095237,"1997-06-15"
1.0766666666666669,"1997-06-22"
1.0769333333333333,"1997-06-29"
1.0789619047619048,"1997-07-06"
1.0806142857142855,"1997-07-13"
1.0815428571428574,"1997-07-20"
1.0828095238095237,"1997-07-27"
1.0842952380952382,"1997-08-03"
1.086238095238095,"1997-08-10"
1.0902857142857143,"1997-08-17"
1.092142857142857,"1997-08-24"
1.0917714285714286,"1997-08-31"
1.0914714285714284,"1997-09-07"
1.093157142857143,"1997-09-14"
1.0950285714285712,"1997-09-21"
1.0961190476190474,"1997-09-28"
1.0975,"1997-10-05"
1.098752380952381,"1997-10-12"
1.100442857142857,"1997-10-19"
1.1036380952380953,"1997-10-26"
1.104,"1997-11-02"
1.1059428571428571,"1997-11-09"
1.1073380952380953,"1997-11-16"
1.1089523809523811,"1997-11-23"
1.1096952380952383,"1997-11-30"
1.1134095238095238,"1997-12-07"
1.113447619047619,"1997-12-14"
1.114509523809524,"1997-12-21"
1.1734708333333335,"1998-01-01"
1.1167761904761904,"1998-01-04"
1.1187285714285713,"1998-01-11"
1.1201809523809523,"1998-01-18"
1.1223190476190477,"1998-01-25"
1.1239809523809523,"1998-02-01"
1.1260285714285714,"1998-02-08"
1.1281714285714284,"1998-02-15"
1.1293714285714285,"1998-02-22"
1.1305714285714286,"1998-03-01"
1.1322999999999999,"1998-03-08"
1.1336380952380953,"1998-03-15"
1.1351476190476193,"1998-03-22"
1.1370761904761904,"1998-03-29"
1.1388904761904763,"1998-04-05"
1.1402285714285714,"1998-04-12"
1.142204761904762,"1998-04-19"
1.1440857142857142,"1998-04-26"
1.1443809523809523,"1998-05-03"
1.146304761904762,"1998-05-10"
1.149504761904762,"1998-05-17"
1.1513857142857142,"1998-05-24"
1.1514857142857142,"1998-05-31"
1.1534666666666666,"1998-06-07"
1.154595238095238,"1998-06-14"
1.1554619047619048,"1998-06-21"
1.156657142857143,"1998-06-28"
1.1595619047619048,"1998-07-05"
1.1621714285714286,"1998-07-12"
1.1630095238095237,"1998-07-19"
1.1637333333333335,"1998-07-26"
1.1662142857142856,"1998-08-02"
1.1703714285714286,"1998-08-09"
1.1739047619047618,"1998-08-16"
1.1750238095238095,"1998-08-23"
1.177338095238095,"1998-08-30"
1.178290476190476,"1998-09-06"
1.180014285714286,"1998-09-13"
1.1831666666666667,"1998-09-20"
1.1838380952380954,"1998-09-27"
1.1845190476190475,"1998-10-04"
1.1875380952380954,"1998-10-11"
1.1896476190476188,"1998-10-18"
1.1917428571428572,"1998-10-25"
1.190347619047619,"1998-11-01"
1.1901619047619045,"1998-11-08"
1.192604761904762,"1998-11-15"
1.1983523809523808,"1998-11-22"
1.2015523809523807,"1998-11-29"
1.203038095238095,"1998-12-06"
1.2053,"1998-12-13"
1.2071190476190474,"1998-12-20"
1.6655854166666668,"1999-01-01"
1.208945238095238,"1999-01-03"
1.307909523809524,"1999-01-10"
1.631333333333333,"1999-01-17"
1.9033333333333333,"1999-01-24"
1.8409523809523811,"1999-01-31"
1.8969047619047616,"1999-02-07"
1.9128571428571426,"1999-02-14"
2.012142857142857,"1999-02-21"
2.081190476190476,"1999-02-28"
1.9168095238095237,"1999-03-07"
1.861761904761905,"1999-03-14"
1.8145238095238094,"1999-03-21"
1.7370238095238093,"1999-03-28"
1.7209523809523808,"1999-04-04"
1.6752142857142858,"1999-04-11"
1.6987619047619051,"1999-04-18"
1.6837380952380951,"1999-04-25"
1.6720714285714284,"1999-05-02"
1.6535714285714287,"1999-05-09"
1.6797857142857142,"1999-05-16"
1.7195238095238097,"1999-05-23"
1.7343809523809524,"1999-05-30"
1.7584285714285712,"1999-06-06"
1.7696666666666665,"1999-06-13"
1.7797142857142858,"1999-06-20"
1.7679285714285715,"1999-06-27"
1.785761904761905,"1999-07-04"
1.814238095238095,"1999-07-11"
1.809047619047619,"1999-07-18"
1.8085238095238096,"1999-07-25"
1.8337142857142854,"1999-08-01"
1.8659285714285714,"1999-08-08"
1.8935714285714282,"1999-08-15"
1.9087142857142856,"1999-08-22"
1.9213571428571425,"1999-08-29"
1.8906666666666665,"1999-09-05"
1.8811190476190476,"1999-09-12"
1.8928095238095237,"1999-09-19"
1.9296190476190476,"1999-09-26"
1.9463809523809523,"1999-10-03"
1.9622380952380951,"1999-10-10"
1.9886190476190475,"1999-10-17"
1.973357142857143,"1999-10-24"
1.9336904761904763,"1999-10-31"
1.9305952380952378,"1999-11-07"
1.932404761904762,"1999-11-14"
1.928690476190476,"1999-11-21"
1.9018809523809521,"1999-11-28"
1.8648809523809522,"1999-12-05"
1.8369047619047616,"1999-12-12"
1.822904761904762,"1999-12-19"
1.8782916666666667,"2000-01-01"
1.8305238095238097,"2000-01-02"
1.8141904761904764,"2000-01-09"
1.7858571428571426,"2000-01-16"
1.7802142857142855,"2000-01-23"
1.7807619047619048,"2000-01-30"
1.7687142857142857,"2000-02-06"
1.7749761904761905,"2000-02-13"
1.778595238095238,"2000-02-20"
1.7614285714285713,"2000-02-27"
1.7439999999999998,"2000-03-05"
1.7403571428571427,"2000-03-12"
1.7328095238095238,"2000-03-19"
1.7454999999999998,"2000-03-26"
1.7436190476190476,"2000-04-02"
1.7616904761904761,"2000-04-09"
1.7754285714285714,"2000-04-16"
1.7980238095238095,"2000-04-23"
1.805952380952381,"2000-04-30"
1.819333333333333,"2000-05-07"
1.8308095238095232,"2000-05-14"
1.8448333333333333,"2000-05-21"
1.821071428571429,"2000-05-28"
1.7986666666666669,"2000-06-04"
1.8070238095238094,"2000-06-11"
1.8114047619047617,"2000-06-18"
1.8166428571428572,"2000-06-25"
1.8052380952380953,"2000-07-02"
1.799,"2000-07-09"
1.7973809523809523,"2000-07-16"
1.7872142857142856,"2000-07-23"
1.7899761904761904,"2000-07-30"
1.7976190476190474,"2000-08-06"
1.8093809523809525,"2000-08-13"
1.8214999999999997,"2000-08-20"
1.8259523809523808,"2000-08-27"
1.8205952380952382,"2000-09-03"
1.8328095238095237,"2000-09-10"
1.851190476190476,"2000-09-17"
1.8463333333333332,"2000-09-24"
1.851833333333333,"2000-10-01"
1.8607619047619044,"2000-10-08"
1.8756428571428574,"2000-10-15"
1.914690476190476,"2000-10-22"
1.921761904761905,"2000-10-29"
1.9534047619047616,"2000-11-05"
1.952,"2000-11-12"
1.9389761904761906,"2000-11-19"
1.9691190476190477,"2000-11-26"
1.9709523809523806,"2000-12-03"
1.9637619047619048,"2000-12-10"
1.957142857142857,"2000-12-17"
1.9550178571428571,"2000-12-24"
2.0361177083333333,"2001-01-01"
1.9487333333333334,"2001-01-07"
1.9534047619047616,"2001-01-14"
1.9662857142857144,"2001-01-21"
1.9795952380952384,"2001-01-28"
1.9942619047619048,"2001-02-04"
1.9903333333333335,"2001-02-11"
2.0253095238095242,"2001-02-18"
2.0346380952380954,"2001-02-25"
2.038380952380952,"2001-03-04"
2.0883333333333334,"2001-03-11"
2.1330714285714283,"2001-03-18"
2.1416904761904765,"2001-03-25"
2.1659285714285716,"2001-04-01"
2.1550238095238097,"2001-04-08"
2.2046666666666668,"2001-04-15"
2.2447809523809528,"2001-04-22"
2.2115714285714283,"2001-04-29"
2.2533571428571424,"2001-05-06"
2.3108095238095236,"2001-05-13"
2.329095238095238,"2001-05-20"
2.357857142857143,"2001-05-27"
2.3759523809523815,"2001-06-03"
2.4083333333333337,"2001-06-10"
2.404071428571429,"2001-06-17"
2.3070238095238094,"2001-06-24"
2.398309523809524,"2001-07-01"
2.5088333333333335,"2001-07-08"
2.5059999999999993,"2001-07-15"
2.458428571428571,"2001-07-22"
2.473690476190476,"2001-07-29"
2.4708571428571426,"2001-08-05"
2.504452380952381,"2001-08-12"
2.533166666666667,"2001-08-19"
2.5532380952380955,"2001-08-26"
2.5740238095238093,"2001-09-02"
2.653785714285715,"2001-09-09"
2.732095238095238,"2001-09-16"
2.6975,"2001-09-23"
2.7267619047619047,"2001-09-30"
2.776357142857143,"2001-10-07"
2.742357142857143,"2001-10-14"
2.727785714285714,"2001-10-21"
2.693190476190476,"2001-10-28"
2.5677380952380955,"2001-11-04"
2.538,"2001-11-11"
2.5226190476190475,"2001-11-18"
2.485785714285714,"2001-11-25"
2.423928571428571,"2001-12-02"
2.3622619047619042,"2001-12-09"
2.3371190476190473,"2001-12-16"
2.3270238095238094,"2001-12-23"
2.772083333333333,"2002-01-01"
2.3750952380952377,"2002-01-06"
2.377642857142857,"2002-01-13"
2.3883095238095238,"2002-01-20"
2.4222857142857146,"2002-01-27"
2.4404523809523804,"2002-02-03"
2.437928571428572,"2002-02-10"
2.4231428571428566,"2002-02-17"
2.3705238095238097,"2002-02-24"
2.347333333333333,"2002-03-03"
2.3459523809523803,"2002-03-10"
2.3480476190476187,"2002-03-17"
2.337976190476191,"2002-03-24"
2.2980238095238095,"2002-03-31"
2.286190476190476,"2002-04-07"
2.3242857142857147,"2002-04-14"
2.356809523809524,"2002-04-21"
2.380952380952381,"2002-04-28"
2.4455714285714283,"2002-05-05"
2.4925238095238096,"2002-05-12"
2.5054523809523808,"2002-05-19"
2.5197857142857143,"2002-05-26"
2.6012142857142857,"2002-06-02"
2.69847619047619,"2002-06-09"
2.7373809523809527,"2002-06-16"
2.8189047619047614,"2002-06-23"
2.8761190476190475,"2002-06-30"
2.8365476190476193,"2002-07-07"
2.866261904761905,"2002-07-14"
2.964595238095238,"2002-07-21"
3.2051904761904764,"2002-07-28"
3.0570238095238094,"2002-08-04"
3.151714285714286,"2002-08-11"
3.1063095238095237,"2002-08-18"
3.077785714285714,"2002-08-25"
3.109047619047619,"2002-09-01"
3.1297380952380953,"2002-09-08"
3.333595238095238,"2002-09-15"
3.716928571428572,"2002-09-22"
3.6780952380952376,"2002-09-29"
3.789,"2002-10-06"
3.874142857142857,"2002-10-13"
3.8508571428571425,"2002-10-20"
3.705238095238095,"2002-10-27"
3.5693333333333332,"2002-11-03"
3.622333333333333,"2002-11-10"
3.550523809523809,"2002-11-17"
3.6017380952380953,"2002-11-24"
3.7015476190476195,"2002-12-01"
3.762095238095238,"2002-12-08"
3.548047619047619,"2002-12-15"
3.524547619047619,"2002-12-22"
3.1814583333333335,"2003-01-01"
3.3211190476190477,"2003-01-05"
3.320880952380952,"2003-01-12"
3.5173095238095238,"2003-01-19"
3.5771190476190475,"2003-01-26"
3.5656190476190472,"2003-02-02"
3.6189999999999998,"2003-02-09"
3.6110952380952375,"2003-02-16"
3.573071428571428,"2003-02-23"
3.5336428571428566,"2003-03-02"
3.4687142857142854,"2003-03-09"
3.435690476190476,"2003-03-16"
3.37247619047619,"2003-03-23"
3.2822619047619046,"2003-03-30"
3.1898333333333335,"2003-04-06"
3.0865714285714283,"2003-04-13"
3.005404761904762,"2003-04-20"
2.9502142857142855,"2003-04-27"
2.951976190476191,"2003-05-04"
2.9212142857142855,"2003-05-11"
2.977214285714286,"2003-05-18"
2.9971190476190475,"2003-05-25"
2.9087619047619047,"2003-06-01"
2.8590238095238094,"2003-06-08"
2.8805238095238095,"2003-06-15"
2.874595238095238,"2003-06-22"
2.837761904761905,"2003-06-29"
2.8779761904761907,"2003-07-06"
2.870190476190476,"2003-07-13"
2.885809523809524,"2003-07-20"
2.9640238095238094,"2003-07-27"
3.0221428571428572,"2003-08-03"
3.0049761904761905,"2003-08-10"
2.995,"2003-08-17"
2.9774999999999996,"2003-08-24"
2.9511666666666665,"2003-08-31"
2.915785714285714,"2003-09-07"
2.8997857142857146,"2003-09-14"
2.9199523809523806,"2003-09-21"
2.8988333333333336,"2003-09-28"
2.846571428571429,"2003-10-05"
2.849047619047619,"2003-10-12"
2.8620238095238095,"2003-10-19"
2.8591428571428565,"2003-10-26"
2.862,"2003-11-02"
2.9157142857142855,"2003-11-09"
2.936238095238095,"2003-11-16"
2.9349999999999996,"2003-11-23"
2.933738095238095,"2003-11-30"
2.9385238095238093,"2003-12-07"
2.9281904761904753,"2003-12-14"
2.9077857142857138,"2003-12-21"
2.7425092592592595,"2004-01-01"
2.846214285714286,"2004-01-04"
2.812104761904761,"2004-01-11"
2.839380952380953,"2004-01-18"
2.8971190476190483,"2004-01-25"
2.929785714285715,"2004-02-01"
2.911952380952381,"2004-02-08"
2.936714285714286,"2004-02-15"
2.9372619047619053,"2004-02-22"
2.885238095238095,"2004-02-29"
2.8908095238095237,"2004-03-07"
2.904095238095238,"2004-03-14"
2.9247619047619047,"2004-03-21"
2.9073333333333338,"2004-03-28"
2.879404761904762,"2004-04-04"
2.896357142857143,"2004-04-11"
2.915404761904762,"2004-04-18"
2.932714285714286,"2004-04-25"
3.0011666666666668,"2004-05-02"
3.113833333333333,"2004-05-09"
3.155571428571428,"2004-05-16"
3.1426190476190476,"2004-05-23"
3.1474285714285717,"2004-05-30"
3.1255428571428574,"2004-06-06"
3.142238095238095,"2004-06-13"
3.1199523809523813,"2004-06-20"
3.0846904761904756,"2004-06-27"
3.0400952380952386,"2004-07-04"
3.022547619047619,"2004-07-11"
3.0267142857142857,"2004-07-18"
3.0550952380952383,"2004-07-25"
3.047666666666667,"2004-08-01"
3.031423809523809,"2004-08-08"
2.988266666666667,"2004-08-15"
2.956833333333333,"2004-08-22"
2.9333333333333336,"2004-08-29"
2.904761904761905,"2004-09-05"
2.893095238095238,"2004-09-12"
2.8740952380952374,"2004-09-19"
2.8558571428571424,"2004-09-26"
2.8326666666666664,"2004-10-03"
2.8423095238095244,"2004-10-10"
2.8673095238095243,"2004-10-17"
2.866238095238095,"2004-10-24"
2.836104761904762,"2004-10-31"
2.817690476190476,"2004-11-07"
2.781,"2004-11-14"
2.7487142857142857,"2004-11-21"
2.725004761904762,"2004-11-28"
2.751842857142857,"2004-12-05"
2.7379285714285713,"2004-12-12"
2.6934047619047616,"2004-12-19"
2.6626333333333334,"2005-01-01"
2.7030809523809527,"2005-01-02"
2.706033333333333,"2005-01-09"
2.702328571428571,"2005-01-16"
2.665171428571429,"2005-01-23"
2.6074095238095234,"2005-01-30"
2.6095904761904762,"2005-02-06"
2.576847619047619,"2005-02-13"
2.6031428571428568,"2005-02-20"
2.636433333333333,"2005-02-27"
2.703942857142857,"2005-03-06"
2.738685714285714,"2005-03-13"
2.7358809523809526,"2005-03-20"
2.688642857142857,"2005-03-27"
2.610880952380952,"2005-04-03"
2.588109523809524,"2005-04-10"
2.567042857142857,"2005-04-17"
2.528652380952381,"2005-04-24"
2.4793523809523808,"2005-05-01"
2.464180952380952,"2005-05-08"
2.458995238095238,"2005-05-15"
2.4089333333333336,"2005-05-22"
2.4118619047619045,"2005-05-29"
2.4635428571428575,"2005-06-05"
2.4172142857142855,"2005-06-12"
2.3828761904761904,"2005-06-19"
2.360390476190476,"2005-06-26"
2.374128571428572,"2005-07-03"
2.3400190476190477,"2005-07-10"
2.3635619047619048,"2005-07-17"
2.425242857142857,"2005-07-24"
2.3323142857142853,"2005-07-31"
2.331319047619048,"2005-08-07"
2.3798333333333335,"2005-08-14"
2.403438095238095,"2005-08-21"
2.361152380952381,"2005-08-28"
2.3225571428571428,"2005-09-04"
2.3109714285714285,"2005-09-11"
2.279928571428571,"2005-09-18"
2.237414285714286,"2005-09-25"
2.2558333333333334,"2005-10-02"
2.245685714285714,"2005-10-09"
2.247190476190476,"2005-10-16"
2.2697238095238097,"2005-10-23"
2.2334000000000005,"2005-10-30"
2.1838476190476186,"2005-11-06"
2.207666666666667,"2005-11-13"
2.2322142857142855,"2005-11-20"
2.204990476190476,"2005-11-27"
2.213638095238095,"2005-12-04"
2.2910190476190477,"2005-12-11"
2.3401190476190474,"2005-12-18"
2.3361571428571426,"2005-12-25"
2.2832541666666666,"2006-01-01"
2.2671952380952383,"2006-01-08"
2.2851857142857144,"2006-01-15"
2.2366523809523806,"2006-01-22"
2.213809523809524,"2006-01-29"
2.1758761904761905,"2006-02-05"
2.136261904761905,"2006-02-12"
2.1367380952380954,"2006-02-19"
2.1226285714285718,"2006-02-26"
2.1507476190476194,"2006-03-05"
2.1251190476190476,"2006-03-12"
2.1573809523809526,"2006-03-19"
2.1887190476190477,"2006-03-26"
2.1404952380952382,"2006-04-02"
2.1435666666666666,"2006-04-09"
2.124190476190476,"2006-04-16"
2.1074428571428574,"2006-04-23"
2.0696666666666665,"2006-04-30"
2.094642857142857,"2006-05-07"
2.1839142857142857,"2006-05-14"
2.2841571428571426,"2006-05-21"
2.278514285714285,"2006-05-28"
2.2596904761904764,"2006-06-04"
2.2768190476190475,"2006-06-11"
2.2373571428571433,"2006-06-18"
2.2065333333333332,"2006-06-25"
2.1800571428571427,"2006-07-02"
2.1977952380952384,"2006-07-09"
2.1943761904761905,"2006-07-16"
2.1889666666666665,"2006-07-23"
2.181038095238095,"2006-07-30"
2.1700380952380955,"2006-08-06"
2.148628571428571,"2006-08-13"
2.1444809523809525,"2006-08-20"
2.1396238095238096,"2006-08-27"
2.1454761904761903,"2006-09-03"
2.164642857142857,"2006-09-10"
2.1794238095238097,"2006-09-17"
2.1889333333333334,"2006-09-24"
2.1630380952380954,"2006-10-01"
2.15047619047619,"2006-10-08"
2.136771428571429,"2006-10-15"
2.1412619047619046,"2006-10-22"
2.1438714285714284,"2006-10-29"
2.1444047619047617,"2006-11-05"
2.1564761904761904,"2006-11-12"
2.166061904761905,"2006-11-19"
2.176185714285714,"2006-11-26"
2.1497619047619048,"2006-12-03"
2.1448761904761904,"2006-12-10"
2.1529428571428575,"2006-12-17"
2.1415571428571427,"2006-12-24"
2.05255,"2007-01-01"
2.146095238095238,"2007-01-07"
2.136280952380952,"2007-01-14"
2.134561904761904,"2007-01-21"
2.116942857142857,"2007-01-28"
2.094961904761905,"2007-02-04"
2.1015238095238096,"2007-02-11"
2.0877333333333334,"2007-02-18"
2.116142857142857,"2007-02-25"
2.117014285714286,"2007-03-04"
2.0935952380952383,"2007-03-11"
2.068380952380952,"2007-03-18"
2.058690476190476,"2007-03-25"
2.037466666666667,"2007-04-01"
2.027347619047619,"2007-04-08"
2.0308,"2007-04-15"
2.0311285714285714,"2007-04-22"
2.0313809523809523,"2007-04-29"
2.0203952380952384,"2007-05-06"
1.973495238095238,"2007-05-13"
1.9491904761904764,"2007-05-20"
1.9303619047619047,"2007-05-27"
1.946338095238095,"2007-06-03"
1.9326571428571429,"2007-06-10"
1.9224952380952378,"2007-06-17"
1.938447619047619,"2007-06-24"
1.9103809523809525,"2007-07-01"
1.8827380952380952,"2007-07-08"
1.8603666666666667,"2007-07-15"
1.8742761904761904,"2007-07-22"
1.8873333333333333,"2007-07-29"
1.9187809523809523,"2007-08-05"
2.00627619047619,"2007-08-12"
1.9963619047619048,"2007-08-19"
1.9664666666666664,"2007-08-26"
1.9603047619047618,"2007-09-02"
1.9211666666666665,"2007-09-09"
1.8833380952380954,"2007-09-16"
1.8491857142857142,"2007-09-23"
1.8192666666666666,"2007-09-30"
1.8054190476190475,"2007-10-07"
1.807238095238095,"2007-10-14"
1.7907619047619048,"2007-10-21"
1.7511142857142856,"2007-10-28"
1.7504857142857142,"2007-11-04"
1.759842857142857,"2007-11-11"
1.7817857142857143,"2007-11-18"
1.8151428571428572,"2007-11-25"
1.7839857142857138,"2007-12-02"
1.7801809523809526,"2007-12-09"
1.8025333333333333,"2007-12-16"
1.781195238095238,"2007-12-23"
2.0252296296296297,"2008-01-01"
1.761038095238095,"2008-01-06"
1.7688666666666668,"2008-01-13"
1.802042857142857,"2008-01-20"
1.768247619047619,"2008-01-27"
1.756214285714286,"2008-02-03"
1.7520047619047616,"2008-02-10"
1.7222095238095239,"2008-02-17"
1.6871571428571428,"2008-02-24"
1.679395238095238,"2008-03-02"
1.6987666666666665,"2008-03-09"
1.7225619047619047,"2008-03-16"
1.7405238095238096,"2008-03-23"
1.7303904761904763,"2008-03-30"
1.6958333333333333,"2008-04-06"
1.6730904761904764,"2008-04-13"
1.6651000000000002,"2008-04-20"
1.6709761904761904,"2008-04-27"
1.672147619047619,"2008-05-04"
1.657447619047619,"2008-05-11"
1.6545523809523812,"2008-05-18"
1.6463761904761902,"2008-05-25"
1.6290857142857142,"2008-06-01"
1.6339952380952378,"2008-06-08"
1.6127238095238097,"2008-06-15"
1.6020285714285716,"2008-06-22"
1.604709523809524,"2008-06-29"
1.604014285714286,"2008-07-06"
1.594566666666667,"2008-07-13"
1.579090476190476,"2008-07-20"
1.5665333333333336,"2008-07-27"
1.5842238095238095,"2008-08-03"
1.625695238095238,"2008-08-10"
1.6272333333333333,"2008-08-17"
1.6304476190476191,"2008-08-24"
1.6821952380952383,"2008-08-31"
1.7725619047619048,"2008-09-07"
1.8397857142857141,"2008-09-14"
1.8390857142857142,"2008-09-21"
1.9809095238095236,"2008-09-28"
2.247661904761905,"2008-10-05"
2.1421476190476194,"2008-10-12"
2.2458333333333327,"2008-10-19"
2.1785285714285716,"2008-10-26"
2.1578142857142857,"2008-11-02"
2.2382714285714287,"2008-11-09"
2.365261904761905,"2008-11-16"
2.3055380952380955,"2008-11-23"
2.4261142857142852,"2008-11-30"
2.439923809523809,"2008-12-07"
2.3698809523809525,"2008-12-14"
2.3806999999999996,"2008-12-21"
1.9575291666666665,"2009-01-01"
2.252009523809524,"2009-01-04"
2.3341857142857143,"2009-01-11"
2.3417428571428567,"2009-01-18"
2.3099285714285713,"2009-01-25"
2.2950714285714287,"2009-02-01"
2.2686285714285717,"2009-02-08"
2.340657142857143,"2009-02-15"
2.3812619047619044,"2009-02-22"
2.401885714285714,"2009-03-01"
2.334114285714286,"2009-03-08"
2.270390476190476,"2009-03-15"
2.259228571428572,"2009-03-22"
2.270209523809524,"2009-03-29"
2.194719047619048,"2009-04-05"
2.187395238095238,"2009-04-12"
2.2144142857142857,"2009-04-19"
2.188638095238095,"2009-04-26"
2.104638095238095,"2009-05-03"
2.0878476190476194,"2009-05-10"
2.0445380952380954,"2009-05-17"
2.0055809523809525,"2009-05-24"
1.9507619047619047,"2009-05-31"
1.946157142857143,"2009-06-07"
1.9687380952380953,"2009-06-14"
1.972042857142857,"2009-06-21"
1.9486095238095238,"2009-06-28"
1.982252380952381,"2009-07-05"
1.9472714285714285,"2009-07-12"
1.8983190476190477,"2009-07-19"
1.8756142857142857,"2009-07-26"
1.8257999999999999,"2009-08-02"
1.8420571428571428,"2009-08-09"
1.848909523809524,"2009-08-16"
1.8616000000000001,"2009-08-23"
1.872352380952381,"2009-08-30"
1.8309380952380951,"2009-09-06"
1.8087047619047616,"2009-09-13"
1.8020666666666665,"2009-09-20"
1.7824809523809522,"2009-09-27"
1.750752380952381,"2009-10-04"
1.7184285714285714,"2009-10-11"
1.7249523809523808,"2009-10-18"
1.7481571428571427,"2009-10-25"
1.7347476190476188,"2009-11-01"
1.7156238095238094,"2009-11-08"
1.7217809523809522,"2009-11-15"
1.7360952380952381,"2009-11-22"
1.7315333333333331,"2009-11-29"
1.751942857142857,"2009-12-06"
1.7642809523809526,"2009-12-13"
1.7698238095238095,"2009-12-20"
1.6924249999999998,"2010-01-01"
1.7307619047619047,"2010-01-03"
1.7531047619047617,"2010-01-10"
1.7888142857142857,"2010-01-17"
1.8514619047619048,"2010-01-24"
1.8629047619047618,"2010-01-31"
1.8592619047619043,"2010-02-07"
1.8310190476190473,"2010-02-14"
1.8150333333333333,"2010-02-21"
1.7893428571428571,"2010-02-28"
1.7722285714285715,"2010-03-07"
1.7785238095238096,"2010-03-14"
1.800504761904762,"2010-03-21"
1.7805333333333333,"2010-03-28"
1.7664238095238096,"2010-04-04"
1.752642857142857,"2010-04-11"
1.7556619047619044,"2010-04-18"
1.7455095238095237,"2010-04-25"
1.7887857142857144,"2010-05-02"
1.785552380952381,"2010-05-09"
1.834495238095238,"2010-05-16"
1.842761904761905,"2010-05-23"
1.8370285714285712,"2010-05-30"
1.839952380952381,"2010-06-06"
1.7878952380952382,"2010-06-13"
1.779714285714286,"2010-06-20"
1.7872999999999999,"2010-06-27"
1.7679238095238097,"2010-07-04"
1.7671428571428571,"2010-07-11"
1.7766714285714285,"2010-07-18"
1.7613571428571426,"2010-07-25"
1.7541523809523811,"2010-08-01"
1.7621285714285713,"2010-08-08"
1.7570571428571427,"2010-08-15"
1.7619476190476189,"2010-08-22"
1.743357142857143,"2010-08-29"
1.724995238095238,"2010-09-05"
1.7166714285714284,"2010-09-12"
1.718995238095238,"2010-09-19"
1.6996571428571428,"2010-09-26"
1.6783714285714286,"2010-10-03"
1.6650904761904761,"2010-10-10"
1.686661904761905,"2010-10-17"
1.7037619047619048,"2010-10-24"
1.6906857142857143,"2010-10-31"
1.7087428571428576,"2010-11-07"
1.7220857142857142,"2010-11-14"
1.7241952380952377,"2010-11-21"
1.7037809523809524,"2010-11-28"
1.6920047619047618,"2010-12-05"
1.703747619047619,"2010-12-12"
1.6971952380952378,"2010-12-19"
1.6553333333333333,"2011-01-01"
1.6695333333333333,"2011-01-02"
1.6820285714285714,"2011-01-09"
1.6759476190476192,"2011-01-16"
1.6742380952380949,"2011-01-23"
1.669990476190476,"2011-01-30"
1.6686952380952378,"2011-02-06"
1.6660000000000004,"2011-02-13"
1.667447619047619,"2011-02-20"
1.6581619047619047,"2011-02-27"
1.6577666666666666,"2011-03-06"
1.6673380952380952,"2011-03-13"
1.6623857142857144,"2011-03-20"
1.639995238095238,"2011-03-27"
1.5961047619047617,"2011-04-03"
1.5824095238095237,"2011-04-10"
1.5725238095238092,"2011-04-17"
1.572109523809524,"2011-04-24"
1.6041999999999998,"2011-05-01"
1.6204761904761904,"2011-05-08"
1.622866666666667,"2011-05-15"
1.6170047619047618,"2011-05-22"
1.5832000000000002,"2011-05-29"
1.585519047619048,"2011-06-05"
1.5930809523809524,"2011-06-12"
1.5953619047619048,"2011-06-19"
1.572904761904762,"2011-06-26"
1.5617857142857146,"2011-07-03"
1.576295238095238,"2011-07-10"
1.5625952380952381,"2011-07-17"
1.549838095238095,"2011-07-24"
1.573057142857143,"2011-07-31"
1.6129476190476189,"2011-08-07"
1.5948142857142855,"2011-08-14"
1.6049190476190476,"2011-08-21"
1.6108809523809522,"2011-08-28"
1.659195238095238,"2011-09-04"
1.7162666666666664,"2011-09-11"
1.8303952380952382,"2011-09-18"
1.8421666666666667,"2011-09-25"
1.8273333333333335,"2011-10-02"
1.7580571428571428,"2011-10-09"
1.7688,"2011-10-16"
1.7290571428571428,"2011-10-23"
1.7343095238095236,"2011-10-30"
1.7515809523809522,"2011-11-06"
1.7750904761904762,"2011-11-13"
1.851990476190476,"2011-11-20"
1.8221238095238095,"2011-11-27"
1.7995809523809525,"2011-12-04"
1.8552476190476188,"2011-12-11"
1.8581190476190472,"2011-12-18"
1.8631190476190473,"2011-12-25"
1.8944,"2012-01-01"
1.803538095238095,"2012-01-08"
1.7713714285714284,"2012-01-15"
1.7512523809523808,"2012-01-22"
1.7331999999999999,"2012-01-29"
1.721938095238095,"2012-02-05"
1.718838095238095,"2012-02-12"
1.7129285714285714,"2012-02-19"
1.7153047619047617,"2012-02-26"
1.7639476190476189,"2012-03-04"
1.800152380952381,"2012-03-11"
1.8166190476190476,"2012-03-18"
1.822138095238095,"2012-03-25"
1.8254666666666663,"2012-04-01"
1.8300857142857143,"2012-04-08"
1.8657523809523808,"2012-04-15"
1.8834238095238098,"2012-04-22"
1.914261904761905,"2012-04-29"
1.949614285714286,"2012-05-06"
2.0064714285714285,"2012-05-13"
2.027990476190476,"2012-05-20"
2.0114714285714284,"2012-05-27"
2.0363285714285713,"2012-06-03"
2.059285714285714,"2012-06-10"
2.0532142857142857,"2012-06-17"
2.0515380952380955,"2012-06-24"
2.0140714285714285,"2012-07-01"
2.034504761904762,"2012-07-08"
2.025666666666667,"2012-07-15"
2.031947619047619,"2012-07-22"
2.040380952380952,"2012-07-29"
2.022147619047619,"2012-08-05"
2.019471428571429,"2012-08-12"
2.0208190476190477,"2012-08-19"
2.038380952380953,"2012-08-26"
2.0327380952380945,"2012-09-02"
2.020342857142857,"2012-09-09"
2.0248142857142857,"2012-09-16"
2.0285904761904763,"2012-09-23"
2.0256476190476196,"2012-09-30"
2.0381714285714287,"2012-10-07"
2.031552380952381,"2012-10-14"
2.0261619047619046,"2012-10-21"
2.031695238095238,"2012-10-28"
2.0385333333333335,"2012-11-04"
2.0654095238095236,"2012-11-11"
2.0861190476190474,"2012-11-18"
2.1011190476190476,"2012-11-25"
2.0970285714285715,"2012-12-02"
2.080661904761905,"2012-12-09"
2.082995238095238,"2012-12-16"
2.060390476190476,"2012-12-23"
2.160591666666667,"2013-01-01"
2.0329428571428574,"2013-01-06"
2.0375285714285716,"2013-01-13"
2.0343095238095232,"2013-01-20"
1.9927761904761905,"2013-01-27"
1.9824333333333333,"2013-02-03"
1.9675619047619046,"2013-02-10"
1.9666190476190475,"2013-02-17"
1.9791666666666667,"2013-02-24"
1.9619571428571427,"2013-03-03"
1.9687999999999999,"2013-03-10"
1.9953095238095238,"2013-03-17"
2.0173428571428573,"2013-03-24"
2.0105000000000004,"2013-03-31"
1.980142857142857,"2013-04-07"
2.003404761904762,"2013-04-14"
2.0110333333333332,"2013-04-21"
2.006361904761905,"2013-04-28"
2.0117285714285713,"2013-05-05"
2.0230333333333332,"2013-05-12"
2.0453,"2013-05-19"
2.0976142857142857,"2013-05-26"
2.129804761904762,"2013-06-02"
2.144280952380952,"2013-06-09"
2.2111952380952378,"2013-06-16"
2.2171523809523803,"2013-06-23"
2.248209523809524,"2013-06-30"
2.259757142857143,"2013-07-07"
2.2356095238095235,"2013-07-14"
2.2421857142857142,"2013-07-21"
2.282785714285714,"2013-07-28"
2.2930904761904762,"2013-08-04"
2.3343000000000003,"2013-08-11"
2.4010285714285713,"2013-08-18"
2.3705523809523807,"2013-08-25"
2.3436761904761907,"2013-09-01"
2.2800904761904763,"2013-09-08"
2.2327,"2013-09-15"
2.224704761904762,"2013-09-22"
2.211442857142857,"2013-09-29"
2.1944666666666666,"2013-10-06"
2.1729714285714286,"2013-10-13"
2.1832952380952384,"2013-10-20"
2.2117523809523814,"2013-10-27"
2.286109523809524,"2013-11-03"
2.322285714285714,"2013-11-10"
2.2790857142857144,"2013-11-17"
2.3126238095238096,"2013-11-24"
2.3549380952380945,"2013-12-01"
2.3262857142857145,"2013-12-08"
2.3457809523809523,"2013-12-15"
2.353609523809524,"2013-12-22"
2.5264458333333333,"2014-01-01"
2.3756,"2014-01-05"
2.3541809523809523,"2014-01-12"
2.3740761904761905,"2014-01-19"
2.4204428571428567,"2014-01-26"
2.4039761904761905,"2014-02-02"
2.400957142857143,"2014-02-09"
2.375552380952381,"2014-02-16"
2.3388619047619046,"2014-02-23"
2.336152380952381,"2014-03-02"
2.353047619047618,"2014-03-09"
2.3366571428571423,"2014-03-16"
2.2925047619047616,"2014-03-23"
2.259452380952381,"2014-03-30"
2.2103333333333337,"2014-04-06"
2.231128571428571,"2014-04-13"
2.2327333333333335,"2014-04-20"
2.229204761904762,"2014-04-27"
2.2236809523809526,"2014-05-04"
2.213228571428572,"2014-05-11"
2.2144238095238093,"2014-05-18"
2.233828571428571,"2014-05-25"
2.264352380952381,"2014-06-01"
2.2285142857142857,"2014-06-08"
2.2332380952380952,"2014-06-15"
2.209214285714286,"2014-06-22"
2.2127333333333334,"2014-06-29"
2.2180619047619046,"2014-07-06"
2.2251190476190477,"2014-07-13"
2.221652380952381,"2014-07-20"
2.243085714285715,"2014-07-27"
2.2754666666666665,"2014-08-03"
2.270766666666667,"2014-08-10"
2.26467619047619,"2014-08-17"
2.2569666666666666,"2014-08-24"
2.243142857142857,"2014-08-31"
2.297028571428571,"2014-09-07"
2.355157142857143,"2014-09-14"
2.4084904761904764,"2014-09-21"
2.4591190476190476,"2014-09-28"
2.4111000000000002,"2014-10-05"
2.430361904761905,"2014-10-12"
2.478795238095238,"2014-10-19"
2.4739666666666666,"2014-10-26"
2.524876190476191,"2014-11-02"
2.5751666666666666,"2014-11-09"
2.568919047619048,"2014-11-16"
2.538985714285714,"2014-11-23"
2.573828571428571,"2014-11-30"
2.6255476190476186,"2014-12-07"
2.6878285714285717,"2014-12-14"
2.6802333333333337,"2014-12-21"
3.4479166666666665,"2015-01-01"
2.675704761904762,"2015-01-04"
2.640814285714286,"2015-01-11"
2.606090476190476,"2015-01-18"
2.6139619047619047,"2015-01-25"
2.7402095238095234,"2015-02-01"
2.819661904761905,"2015-02-08"
2.8488999999999995,"2015-02-15"
2.866809523809524,"2015-02-22"
2.9755190476190476,"2015-03-01"
3.1595238095238094,"2015-03-08"
3.2378952380952377,"2015-03-15"
3.1876333333333324,"2015-03-22"
3.1704428571428567,"2015-03-29"
3.0935190476190475,"2015-04-05"
3.0601809523809522,"2015-04-12"
2.9966523809523813,"2015-04-19"
2.973042857142857,"2015-04-26"
3.033961904761905,"2015-05-03"
3.0208142857142857,"2015-05-10"
3.0403095238095235,"2015-05-17"
3.143828571428572,"2015-05-24"
3.147247619047619,"2015-05-31"
3.1117666666666666,"2015-06-07"
3.0931380952380954,"2015-06-14"
3.103557142857143,"2015-06-21"
3.122838095238095,"2015-06-28"
3.175538095238095,"2015-07-05"
3.1564285714285716,"2015-07-12"
3.255495238095238,"2015-07-19"
3.3768095238095235,"2015-07-26"
3.482390476190476,"2015-08-02"
3.476642857142857,"2015-08-09"
3.485823809523809,"2015-08-16"
3.5758523809523806,"2015-08-23"
3.7302761904761903,"2015-08-30"
3.8356904761904764,"2015-09-06"
3.8778380952380953,"2015-09-13"
4.017366666666667,"2015-09-20"
4.007819047619047,"2015-09-27"
3.8405619047619046,"2015-10-04"
3.839052380952381,"2015-10-11"
3.9016666666666664,"2015-10-18"
3.880438095238095,"2015-10-25"
3.8011333333333335,"2015-11-01"
3.793876190476191,"2015-11-08"
3.7660857142857145,"2015-11-15"
3.763238095238095,"2015-11-22"
3.8131857142857144,"2015-11-29"
3.8053571428571424,"2015-12-06"
3.909528571428572,"2015-12-13"
3.96637619047619,"2015-12-20"
3.974033333333333,"2016-01-01"
4.027080952380952,"2016-01-03"
4.034352380952381,"2016-01-10"
4.087657142857143,"2016-01-17"
4.05697619047619,"2016-01-24"
3.9309523809523808,"2016-01-31"
3.9440999999999997,"2016-02-07"
4.016399999999999,"2016-02-14"
3.9694047619047614,"2016-02-21"
3.881795238095238,"2016-02-28"
3.6872428571428566,"2016-03-06"
3.668204761904762,"2016-03-13"
3.6471142857142858,"2016-03-20"
3.6053523809523815,"2016-03-27"
3.6263619047619056,"2016-04-03"
3.5123,"2016-04-10"
3.561776190476191,"2016-04-17"
3.507442857142857,"2016-04-24"
3.5188333333333333,"2016-05-01"
3.4998428571428564,"2016-05-08"
3.5272761904761905,"2016-05-15"
3.5821761904761904,"2016-05-22"
3.5709952380952377,"2016-05-29"
3.4365238095238095,"2016-06-05"
3.4558333333333326,"2016-06-12"
3.3831571428571423,"2016-06-19"
3.2857999999999996,"2016-06-26"
3.3046,"2016-07-03"
3.2830095238095245,"2016-07-10"
3.2598761904761906,"2016-07-17"
3.2706428571428576,"2016-07-24"
3.2211333333333334,"2016-07-31"
3.1639190476190473,"2016-08-07"
3.203857142857143,"2016-08-14"
3.2312714285714286,"2016-08-21"
3.245904761904762,"2016-08-28"
3.2425904761904762,"2016-09-04"
3.283952380952381,"2016-09-11"
3.245390476190477,"2016-09-18"
3.24237619047619,"2016-09-25"
3.225938095238095,"2016-10-02"
3.2003809523809523,"2016-10-09"
3.1715047619047616,"2016-10-16"
3.1559142857142857,"2016-10-23"
3.22232380952381,"2016-10-30"
3.283504761904762,"2016-11-06"
3.4126714285714286,"2016-11-13"
3.384114285714285,"2016-11-20"
3.424561904761905,"2016-11-27"
3.395895238095238,"2016-12-04"
3.363047619047619,"2016-12-11"
3.321728571428572,"2016-12-18"
3.26887619047619,"2016-12-25"
3.2491625000000006,"2017-01-01"
3.2048571428571426,"2017-01-08"
3.207395238095238,"2017-01-15"
3.1606047619047617,"2017-01-22"
3.128247619047619,"2017-01-29"
3.1186619047619053,"2017-02-05"
3.094252380952381,"2017-02-12"
3.0885523809523807,"2017-02-19"
3.1162095238095238,"2017-02-26"
3.1469857142857145,"2017-03-05"
3.1241999999999996,"2017-03-12"
3.098666666666667,"2017-03-19"
3.1287809523809527,"2017-03-26"
3.125261904761905,"2017-04-02"
3.135757142857143,"2017-04-09"
3.1301285714285716,"2017-04-16"
3.159828571428571,"2017-04-23"
3.1743000000000006,"2017-04-30"
3.1610761904761904,"2017-05-07"
3.191647619047619,"2017-05-14"
3.2669333333333332,"2017-05-21"
3.2517476190476193,"2017-05-28"
3.2839714285714288,"2017-06-04"
3.2967,"2017-06-11"
3.320761904761905,"2017-06-18"
3.3027095238095234,"2017-06-25"
3.293338095238095,"2017-07-02"
3.2224809523809523,"2017-07-09"
3.1535857142857147,"2017-07-16"
3.145504761904762,"2017-07-23"
3.1240619047619047,"2017-07-30"
3.1570142857142858,"2017-08-06"
3.167942857142857,"2017-08-13"
3.1566333333333336,"2017-08-20"
3.1554857142857142,"2017-08-27"
3.11132380952381,"2017-09-03"
3.115190476190476,"2017-09-10"
3.1330142857142853,"2017-09-17"
3.1673999999999998,"2017-09-24"
3.1524095238095233,"2017-10-01"
3.169738095238095,"2017-10-08"
3.175742857142857,"2017-10-15"
3.2454333333333336,"2017-10-22"
3.2823095238095235,"2017-10-29"
3.265033333333333,"2017-11-05"
3.2819285714285718,"2017-11-12"
3.240580952380952,"2017-11-19"
3.242971428571429,"2017-11-26"
3.2641904761904756,"2017-12-03"
3.307471428571429,"2017-12-10"
3.307957142857143,"2017-12-17"
3.319657142857143,"2017-12-24"
3.408504166666667,"2018-01-01"
3.226538095238095,"2018-01-07"
3.2111809523809525,"2018-01-14"
3.176795238095238,"2018-01-21"
3.1848095238095238,"2018-01-28"
3.270142857142857,"2018-02-04"
3.256419047619047,"2018-02-11"
3.2449904761904764,"2018-02-18"
3.243895238095238,"2018-02-25"
3.246595238095238,"2018-03-04"
3.270514285714285,"2018-03-11"
3.29932380952381,"2018-03-18"
3.313066666666667,"2018-03-25"
3.3417761904761902,"2018-04-01"
3.409080952380952,"2018-04-08"
3.4080000000000004,"2018-04-15"
3.4649238095238095,"2018-04-22"
3.521928571428571,"2018-04-29"
3.573261904761905,"2018-05-06"
3.674176190476191,"2018-05-13"
3.661419047619048,"2018-05-20"
3.733842857142857,"2018-05-27"
3.783057142857143,"2018-06-03"
3.7327,"2018-06-10"
3.7635428571428573,"2018-06-17"
3.835633333333334,"2018-06-24"
3.898095238095238,"2018-07-01"
3.860471428571428,"2018-07-08"
3.8255190476190473,"2018-07-15"
3.738928571428571,"2018-07-22"
3.733842857142857,"2018-07-29"
3.787942857142857,"2018-08-05"
3.8975047619047616,"2018-08-12"
4.0460095238095235,"2018-08-19"
4.099990476190476,"2018-08-26"
4.1111047619047625,"2018-09-02"
4.14542380952381,"2018-09-09"
4.109238095238094,"2018-09-16"
4.054276190476191,"2018-09-23"
3.9179666666666666,"2018-09-30"
3.7687428571428567,"2018-10-07"
3.7202333333333333,"2018-10-14"
3.6896714285714283,"2018-10-21"
3.705161904761905,"2018-10-28"
3.7392476190476187,"2018-11-04"
3.7695380952380955,"2018-11-11"
3.7947095238095234,"2018-11-18"
3.878419047619047,"2018-11-25"
3.8731047619047625,"2018-12-02"
3.9016571428571423,"2018-12-09"
3.8950238095238094,"2018-12-16"
3.8957285714285717,"2018-12-23"
3.866441666666666,"2019-01-01"
3.7125047619047615,"2019-01-06"
3.7301380952380954,"2019-01-13"
3.7717619047619046,"2019-01-20"
3.699766666666667,"2019-01-27"
3.6981571428571427,"2019-02-03"
3.7295,"2019-02-10"
3.7396714285714285,"2019-02-17"
3.7546428571428567,"2019-02-24"
3.823095238095238,"2019-03-03"
3.825857142857143,"2019-03-10"
3.8208095238095234,"2019-03-17"
3.9033238095238088,"2019-03-24"
3.8640857142857143,"2019-03-31"
3.8567476190476193,"2019-04-07"
3.9098333333333337,"2019-04-14"
3.942280952380952,"2019-04-21"
3.939233333333333,"2019-04-28"
3.956442857142857,"2019-05-05"
4.027671428571429,"2019-05-12"
4.051571428571428,"2019-05-19"
3.983842857142857,"2019-05-26"
3.879295238095238,"2019-06-02"
3.8760666666666665,"2019-06-09"
3.8507904761904763,"2019-06-16"
3.8368380952380954,"2019-06-23"
3.8276190476190473,"2019-06-30"
3.7720190476190476,"2019-07-07"
3.749704761904761,"2019-07-14"
3.7657428571428575,"2019-07-21"
3.829704761904762,"2019-07-28"
3.9527380952380953,"2019-08-04"
3.9995666666666665,"2019-08-11"
4.075152380952381,"2019-08-18"
4.1529,"2019-08-25"
4.122995238095238,"2019-09-01"
4.078742857142857,"2019-09-08"
4.116604761904762,"2019-09-15"
4.160266666666667,"2019-09-22"
4.115561904761905,"2019-09-29"
4.104647619047618,"2019-10-06"
4.138090476190476,"2019-10-13"
4.058295238095238,"2019-10-20"
3.9967761904761905,"2019-10-27"
4.0745571428571425,"2019-11-03"
4.176919047619048,"2019-11-10"
4.2019,"2019-11-17"
4.228285714285715,"2019-11-24"
4.19037619047619,"2019-12-01"
4.12085238095238,"2019-12-08"
4.077538095238095,"2019-12-15"
4.068295238095239,"2019-12-22"
4.6954925925925926,"2020-01-01"
4.079804761904763,"2020-01-05"
4.157361904761904,"2020-01-12"
4.186695238095238,"2020-01-19"
4.23232380952381,"2020-01-26"
4.274395238095238,"2020-02-02"
4.326995238095238,"2020-02-09"
4.36235238095238,"2020-02-16"
4.435300000000001,"2020-02-23"
4.562861904761905,"2020-03-01"
4.7749476190476186,"2020-03-08"
5.045161904761906,"2020-03-15"
5.092438095238095,"2020-03-22"
5.248980952380951,"2020-03-29"
5.184195238095237,"2020-04-05"
5.214185714285715,"2020-04-12"
5.445228571428572,"2020-04-19"
5.5137238095238095,"2020-04-26"
5.669385714285714,"2020-05-03"
5.836419047619048,"2020-05-10"
5.645576190476191,"2020-05-17"
5.375071428571428,"2020-05-24"
5.138852380952381,"2020-05-31"
4.953661904761905,"2020-06-07"
5.246738095238095,"2020-06-14"
5.331757142857142,"2020-06-21"
5.37454761904762,"2020-06-28"
5.347966666666666,"2020-07-05"
5.371500000000001,"2020-07-12"
5.230138095238095,"2020-07-19"
5.182161904761905,"2020-07-26"
5.344680952380952,"2020-08-02"
5.42867619047619,"2020-08-09"
5.543528571428572,"2020-08-16"
5.5308142857142855,"2020-08-23"
5.370588095238095,"2020-08-30"
5.327850000000001,"2020-09-06"
5.298985714285715,"2020-09-13"
5.507076190476189,"2020-09-20"
5.644933333333334,"2020-09-27"
5.579986904761904,"2020-10-04"
5.593886904761904,"2020-10-11"
5.60912380952381,"2020-10-18"
5.708957142857143,"2020-10-25"
5.595233333333333,"2020-11-01"
5.418633333333332,"2020-11-08"
5.374328571428571,"2020-11-15"
5.3679523809523815,"2020-11-22"
5.219338095238095,"2020-11-29"
5.097495238095239,"2020-12-06"
5.0939,"2020-12-13"
5.183647619047619,"2020-12-20"
5.520104166666666,"2021-01-01"
5.346842857142857,"2021-01-03"
5.336995238095238,"2021-01-10"
5.360523809523809,"2021-01-17"
5.436847619047619,"2021-01-24"
5.394533333333333,"2021-01-31"
5.371870238095239,"2021-02-07"
5.391241666666667,"2021-02-14"
5.499061904761905,"2021-02-21"
5.668152380952381,"2021-02-28"
5.689214285714286,"2021-03-07"
5.566542857142856,"2021-03-14"
5.6165,"2021-03-21"
5.723623809523809,"2021-03-28"
5.642733333333333,"2021-04-04"
5.656780952380952,"2021-04-11"
5.518009523809524,"2021-04-18"
5.412885714285714,"2021-04-25"
5.346614285714285,"2021-05-02"
5.262733333333333,"2021-05-09"
5.30097619047619,"2021-05-16"
5.282752380952381,"2021-05-23"
5.119771428571429,"2021-05-30"
5.065238095238095,"2021-06-06"
5.0572,"2021-06-13"
4.964809523809524,"2021-06-20"
4.992871428571429,"2021-06-27"
5.187036904761905,"2021-07-04"
5.140994047619047,"2021-07-11"
5.208471428571428,"2021-07-18"
5.162619047619048,"2021-07-25"
5.205304761904762,"2021-08-01"
5.231871428571428,"2021-08-08"
5.336880952380953,"2021-08-15"
5.266219047619048,"2021-08-22"
5.181004761904762,"2021-08-29"
5.216433333333333,"2021-09-05"
5.2490476190476185,"2021-09-12"
5.312228571428571,"2021-09-19"
5.401323809523809,"2021-09-26"
5.4839761904761914,"2021-10-03"
5.508852380952381,"2021-10-10"
5.5872238095238105,"2021-10-17"
5.597590476190477,"2021-10-24"
5.609747619047619,"2021-10-31"
5.48215238095238,"2021-11-07"
5.531861904761904,"2021-11-14"
5.591799999999999,"2021-11-21"
5.641438095238095,"2021-11-28"
5.618914285714286,"2021-12-05"
5.6852,"2021-12-12"
5.696761904761905,"2021-12-19"
